Workbook

Sheet Summary by plant
A1: FG ageing calibrated to plant FG sheets - by plant (29-Oct-2026)
A3: Plant | B3: System FG (MT) | C3: Plant FG, sheet rows (MT) | D3: Plant / system | E3: Calibrated 0-30 d | F3: Calibrated 31-60 d | G3: Calibrated 61-90 d | H3: Calibrated 90+ d | I3: Age unknown (not in system) | J3: Calibrated FG (MT) | K3: Calibrated over 60 d | L3: % over 60 d | M3: System over 60 d (before calibration) | N3: Plant sheet total as printed (MT)
A4: Hyderabad | B4: =SUMIF('Plant x size'!$A$5:$A$171,A4,'Plant x size'!$C$5:$C$171) -> 683.42497 | C4: =SUMIF('Plant x size'!$A$5:$A$171,A4,'Plant x size'!$D$5:$D$171) -> 643.432 | D4: =IF(B4>0,C4/B4,0) -> 0.94148156 | E4: =SUMIF('Plant x size'!$A$5:$A$171,A4,'Plant x size'!$K$5:$K$171) -> 325.27652 | F4: =SUMIF('Plant x size'!$A$5:$A$171,A4,'Plant x size'!$L$5:$L$171) -> 89.235477 | G4: =SUMIF('Plant x size'!$A$5:$A$171,A4,'Plant x size'!$M$5:$M$171) -> 14.464 | H4: =SUMIF('Plant x size'!$A$5:$A$171,A4,'Plant x size'!$N$5:$N$171) -> 205.72501 | I4: =SUMIF('Plant x size'!$A$5:$A$171,A4,'Plant x size'!$O$5:$O$171) -> 8.731 | J4: =SUMIF('Plant x size'!$A$5:$A$171,A4,'Plant x size'!$P$5:$P$171) -> 643.432 | K4: =SUMIF('Plant x size'!$A$5:$A$171,A4,'Plant x size'!$Q$5:$Q$171) -> 220.18901 | L4: =IF(J4>0,K4/J4,0) -> 0.34221022 | M4: =SUMIF('Plant x size'!$A$5:$A$171,A4,'Plant x size'!$I$5:$I$171)+SUMIF('Plant x size'!$A$5:$A$171,A4,'Plant x size'!$J$5:$J$171) -> 241.07717 | N4: 649.586
A5: Lepakshi | B5: =SUMIF('Plant x size'!$A$5:$A$171,A5,'Plant x size'!$C$5:$C$171) -> 327.4206 | C5: =SUMIF('Plant x size'!$A$5:$A$171,A5,'Plant x size'!$D$5:$D$171) -> 385.1 | D5: =IF(B5>0,C5/B5,0) -> 1.176163 | E5: =SUMIF('Plant x size'!$A$5:$A$171,A5,'Plant x size'!$K$5:$K$171) -> 287.3 | F5: =SUMIF('Plant x size'!$A$5:$A$171,A5,'Plant x size'!$L$5:$L$171) -> 80.1 | G5: =SUMIF('Plant x size'!$A$5:$A$171,A5,'Plant x size'!$M$5:$M$171) -> 0 | H5: =SUMIF('Plant x size'!$A$5:$A$171,A5,'Plant x size'!$N$5:$N$171) -> 0 | I5: =SUMIF('Plant x size'!$A$5:$A$171,A5,'Plant x size'!$O$5:$O$171) -> 17.7 | J5: =SUMIF('Plant x size'!$A$5:$A$171,A5,'Plant x size'!$P$5:$P$171) -> 385.1 | K5: =SUMIF('Plant x size'!$A$5:$A$171,A5,'Plant x size'!$Q$5:$Q$171) -> 0 | L5: =IF(J5>0,K5/J5,0) -> 0 | M5: =SUMIF('Plant x size'!$A$5:$A$171,A5,'Plant x size'!$I$5:$I$171)+SUMIF('Plant x size'!$A$5:$A$171,A5,'Plant x size'!$J$5:$J$171) -> 0 | N5: 385.1
A6: NPMD | B6: =SUMIF('Plant x size'!$A$5:$A$171,A6,'Plant x size'!$C$5:$C$171) -> 777.88655 | C6: =SUMIF('Plant x size'!$A$5:$A$171,A6,'Plant x size'!$D$5:$D$171) -> 775.2 | D6: =IF(B6>0,C6/B6,0) -> 0.99654634 | E6: =SUMIF('Plant x size'!$A$5:$A$171,A6,'Plant x size'!$K$5:$K$171) -> 653.24393 | F6: =SUMIF('Plant x size'!$A$5:$A$171,A6,'Plant x size'!$L$5:$L$171) -> 121.05607 | G6: =SUMIF('Plant x size'!$A$5:$A$171,A6,'Plant x size'!$M$5:$M$171) -> 0 | H6: =SUMIF('Plant x size'!$A$5:$A$171,A6,'Plant x size'!$N$5:$N$171) -> 0 | I6: =SUMIF('Plant x size'!$A$5:$A$171,A6,'Plant x size'!$O$5:$O$171) -> 0.9 | J6: =SUMIF('Plant x size'!$A$5:$A$171,A6,'Plant x size'!$P$5:$P$171) -> 775.2 | K6: =SUMIF('Plant x size'!$A$5:$A$171,A6,'Plant x size'!$Q$5:$Q$171) -> 0 | L6: =IF(J6>0,K6/J6,0) -> 0 | M6: =SUMIF('Plant x size'!$A$5:$A$171,A6,'Plant x size'!$I$5:$I$171)+SUMIF('Plant x size'!$A$5:$A$171,A6,'Plant x size'!$J$5:$J$171) -> 0 | N6: 775.2
A7: Tapi | B7: =SUMIF('Plant x size'!$A$5:$A$171,A7,'Plant x size'!$C$5:$C$171) -> 784.7645 | C7: =SUMIF('Plant x size'!$A$5:$A$171,A7,'Plant x size'!$D$5:$D$171) -> 827 | D7: =IF(B7>0,C7/B7,0) -> 1.0538193 | E7: =SUMIF('Plant x size'!$A$5:$A$171,A7,'Plant x size'!$K$5:$K$171) -> 731.33995 | F7: =SUMIF('Plant x size'!$A$5:$A$171,A7,'Plant x size'!$L$5:$L$171) -> 24.660049 | G7: =SUMIF('Plant x size'!$A$5:$A$171,A7,'Plant x size'!$M$5:$M$171) -> 0 | H7: =SUMIF('Plant x size'!$A$5:$A$171,A7,'Plant x size'!$N$5:$N$171) -> 0 | I7: =SUMIF('Plant x size'!$A$5:$A$171,A7,'Plant x size'!$O$5:$O$171) -> 71 | J7: =SUMIF('Plant x size'!$A$5:$A$171,A7,'Plant x size'!$P$5:$P$171) -> 827 | K7: =SUMIF('Plant x size'!$A$5:$A$171,A7,'Plant x size'!$Q$5:$Q$171) -> 0 | L7: =IF(J7>0,K7/J7,0) -> 0 | M7: =SUMIF('Plant x size'!$A$5:$A$171,A7,'Plant x size'!$I$5:$I$171)+SUMIF('Plant x size'!$A$5:$A$171,A7,'Plant x size'!$J$5:$J$171) -> 4.494248 | N7: 826
A8: All plants | B8: =SUM(B4:B7) -> 2573.4966 | C8: =SUM(C4:C7) -> 2630.732 | D8: =IF(B8>0,C8/B8,0) -> 1.0222403 | E8: =SUM(E4:E7) -> 1997.1604 | F8: =SUM(F4:F7) -> 315.05159 | G8: =SUM(G4:G7) -> 14.464 | H8: =SUM(H4:H7) -> 205.72501 | I8: =SUM(I4:I7) -> 98.331 | J8: =SUM(J4:J7) -> 2630.732 | K8: =SUM(K4:K7) -> 220.18901 | L8: =IF(J8>0,K8/J8,0) -> 0.083698761 | M8: =SUM(M4:M7) -> 245.57141 | N8: =SUM(N4:N7) -> 2635.886
A10: Notes
A11: Plant FG = the plants' own FG sheets of 29-Oct (Hyderabad, Tapi Surat, Lepakshi Mill 2, NPMD), quantity / balance column. They are taken as the real stock.
A12: Hyderabad: the sheet prints 649.586 but its 55 visible rows add to 643.432; the other 6.154 MT cannot be placed against a size and is left out of the calibration.
A13: Tapi: the sheet shows whole tonnes; its rows add to 827 against a printed 826 (rounding). Lepakshi's sheet is not titled; it is identified as Lepakshi from its sizes.
A14: NPMD: HR and CRFH lines of the same size are added together (the system does not split them). Hyderabad's "25.4OD" rows are matched to CHS 20 NB.
A15: Thickness is clubbed to the nearest of 1.6 / 2 / 2.5 / 3 / 4 / 5 / 6 mm on both sides (1.2 -> 1.6, 2.2 -> 2, 2.8 / 2.9 / 3.2 -> 3), as decided on 29-Oct.
A16: System FG: produced (tubes x SKU master weight per tube) minus invoiced, at the same plant, per size, never below 0; invoices use up the oldest production first and the rest is aged from its production date (Inventory Snapshot rules S1, S2, S10, with the clubbed size).
A17: Calibration: for each plant and size, every age bucket is multiplied by plant FG / system FG. Where the plant holds stock the system shows as nil, it cannot be aged and is shown as "Age unknown". Avg age and oldest batch are the system's and do not change with the ratio.
A18: A large ratio usually means production not yet entered, or entered or billed under another size code; it is not a weighing difference. Invoices are billed at the same master weight per piece as production (within 0.05% at every plant), and NPMD's system FG is only 2.7 MT above its sheet (0.7 MT before over-invoiced sizes are counted as 0).

Sheet Plant x size
A1: FG ageing calibrated to plant FG sheets - by plant and size (29-Oct-2026)
A2: System FG and FIFO ageing from the database (production to 28-Oct, invoices to 24-28 Oct by plant). Thickness clubbed to 1.6 / 2 / 2.5 / 3 / 4 / 5 / 6. Each size is calibrated to the plant sheet: ratio = plant FG / system FG, and every age bucket is multiplied by it. Plant stock the system shows as nil is "Age unknown".
A4: Plant | B4: Size | C4: System FG (MT) | D4: Plant FG (MT) | E4: Ratio plant / system | F4: Status | G4: System 0-30 d | H4: System 31-60 d | I4: System 61-90 d | J4: System 90+ d | K4: Calibrated 0-30 d | L4: Calibrated 31-60 d | M4: Calibrated 61-90 d | N4: Calibrated 90+ d | O4: Age unknown (not in system) | P4: Calibrated FG (MT) | Q4: Calibrated over 60 d | R4: Avg age (days) | S4: Oldest batch (days) | T4: Last produced
A5: Hyderabad | B5: SHS 25x25 x 2 | C5: 12.312758 | D5: 11.749 | E5: =IF(C5>0,D5/C5,"") -> 0.95421354 | F5: =IF(AND(C5=0,D5>0),"Plant only",IF(AND(D5=0,C5>0),"System only",IF(ABS(D5-C5)<=0.5,"Match",IF(D5>C5,"Plant more","Plant less")))) -> Plant less | G5: 12.312758 | H5: 0 | I5: 0 | J5: 0 | K5: =IF(C5>0,G5*E5,0) -> 11.749 | L5: =IF(C5>0,H5*E5,0) -> 0 | M5: =IF(C5>0,I5*E5,0) -> 0 | N5: =IF(C5>0,J5*E5,0) -> 0 | O5: =IF(C5>0,0,D5) -> 0 | P5: =SUM(K5:O5) -> 11.749 | Q5: =M5+N5 -> 0 | R5: 11.484035 | S5: 28 | T5: 46315
A6: Hyderabad | B6: SHS 25x25 x 3 | C6: 0 | D6: 3.589 | E6: =IF(C6>0,D6/C6,"") | F6: =IF(AND(C6=0,D6>0),"Plant only",IF(AND(D6=0,C6>0),"System only",IF(ABS(D6-C6)<=0.5,"Match",IF(D6>C6,"Plant more","Plant less")))) -> Plant only | G6: 0 | H6: 0 | I6: 0 | J6: 0 | K6: =IF(C6>0,G6*E6,0) -> 0 | L6: =IF(C6>0,H6*E6,0) -> 0 | M6: =IF(C6>0,I6*E6,0) -> 0 | N6: =IF(C6>0,J6*E6,0) -> 0 | O6: =IF(C6>0,0,D6) -> 3.589 | P6: =SUM(K6:O6) -> 3.589 | Q6: =M6+N6 -> 0 | T6: 46298
A7: Hyderabad | B7: SHS 30x30 x 1.6 | C7: 0.39890797 | D7: 0 | E7: =IF(C7>0,D7/C7,"") -> 0 | F7: =IF(AND(C7=0,D7>0),"Plant only",IF(AND(D7=0,C7>0),"System only",IF(ABS(D7-C7)<=0.5,"Match",IF(D7>C7,"Plant more","Plant less")))) -> System only | G7: 0 | H7: 0 | I7: 0.39890797 | J7: 0 | K7: =IF(C7>0,G7*E7,0) -> 0 | L7: =IF(C7>0,H7*E7,0) -> 0 | M7: =IF(C7>0,I7*E7,0) -> 0 | N7: =IF(C7>0,J7*E7,0) -> 0 | O7: =IF(C7>0,0,D7) -> 0 | P7: =SUM(K7:O7) -> 0 | Q7: =M7+N7 -> 0 | R7: 71 | S7: 71 | T7: 46253
A8: Hyderabad | B8: SHS 30x30 x 2.5 | C8: 3.4545625 | D8: 3.03 | E8: =IF(C8>0,D8/C8,"") -> 0.87710094 | F8: =IF(AND(C8=0,D8>0),"Plant only",IF(AND(D8=0,C8>0),"System only",IF(ABS(D8-C8)<=0.5,"Match",IF(D8>C8,"Plant more","Plant less")))) -> Match | G8: 1.0232475 | H8: 0 | I8: 0 | J8: 2.431315 | K8: =IF(C8>0,G8*E8,0) -> 0.89749134 | L8: =IF(C8>0,H8*E8,0) -> 0 | M8: =IF(C8>0,I8*E8,0) -> 0 | N8: =IF(C8>0,J8*E8,0) -> 2.1325087 | O8: =IF(C8>0,0,D8) -> 0 | P8: =SUM(K8:O8) -> 3.03 | Q8: =M8+N8 -> 2.1325087 | R8: 85.083622 | S8: 115 | T8: 46310
A9: Hyderabad | B9: SHS 38x38 x 1.6 | C9: 1.1760019 | D9: 0 | E9: =IF(C9>0,D9/C9,"") -> 0 | F9: =IF(AND(C9=0,D9>0),"Plant only",IF(AND(D9=0,C9>0),"System only",IF(ABS(D9-C9)<=0.5,"Match",IF(D9>C9,"Plant more","Plant less")))) -> System only | G9: 1.1760019 | H9: 0 | I9: 0 | J9: 0 | K9: =IF(C9>0,G9*E9,0) -> 0 | L9: =IF(C9>0,H9*E9,0) -> 0 | M9: =IF(C9>0,I9*E9,0) -> 0 | N9: =IF(C9>0,J9*E9,0) -> 0 | O9: =IF(C9>0,0,D9) -> 0 | P9: =SUM(K9:O9) -> 0 | Q9: =M9+N9 -> 0 | R9: 24 | S9: 24 | T9: 46300
A10: Hyderabad | B10: SHS 38x38 x 2 | C10: 31.99696 | D10: 34.503 | E10: =IF(C10>0,D10/C10,"") -> 1.0783212 | F10: =IF(AND(C10=0,D10>0),"Plant only",IF(AND(D10=0,C10>0),"System only",IF(ABS(D10-C10)<=0.5,"Match",IF(D10>C10,"Plant more","Plant less")))) -> Plant more | G10: 31.99696 | H10: 0 | I10: 0 | J10: 0 | K10: =IF(C10>0,G10*E10,0) -> 34.503 | L10: =IF(C10>0,H10*E10,0) -> 0 | M10: =IF(C10>0,I10*E10,0) -> 0 | N10: =IF(C10>0,J10*E10,0) -> 0 | O10: =IF(C10>0,0,D10) -> 0 | P10: =SUM(K10:O10) -> 34.503 | Q10: =M10+N10 -> 0 | R10: 5.2881993 | S10: 23 | T10: 46323
A11: Hyderabad | B11: SHS 38x38 x 2.5 | C11: 23.161798 | D11: 19.677 | E11: =IF(C11>0,D11/C11,"") -> 0.84954545 | F11: =IF(AND(C11=0,D11>0),"Plant only",IF(AND(D11=0,C11>0),"System only",IF(ABS(D11-C11)<=0.5,"Match",IF(D11>C11,"Plant more","Plant less")))) -> Plant less | G11: 20.131482 | H11: 3.030316 | I11: 0 | J11: 0 | K11: =IF(C11>0,G11*E11,0) -> 17.102609 | L11: =IF(C11>0,H11*E11,0) -> 2.5743912 | M11: =IF(C11>0,I11*E11,0) -> 0 | N11: =IF(C11>0,J11*E11,0) -> 0 | O11: =IF(C11>0,0,D11) -> 0 | P11: =SUM(K11:O11) -> 19.677 | Q11: =M11+N11 -> 0 | R11: 6.9716351 | S11: 40 | T11: 46322
A12: Hyderabad | B12: SHS 38x38 x 3 | C12: 8.1270124 | D12: 13.237 | E12: =IF(C12>0,D12/C12,"") -> 1.6287658 | F12: =IF(AND(C12=0,D12>0),"Plant only",IF(AND(D12=0,C12>0),"System only",IF(ABS(D12-C12)<=0.5,"Match",IF(D12>C12,"Plant more","Plant less")))) -> Plant more | G12: 0 | H12: 8.1270124 | I12: 0 | J12: 0 | K12: =IF(C12>0,G12*E12,0) -> 0 | L12: =IF(C12>0,H12*E12,0) -> 13.237 | M12: =IF(C12>0,I12*E12,0) -> 0 | N12: =IF(C12>0,J12*E12,0) -> 0 | O12: =IF(C12>0,0,D12) -> 0 | P12: =SUM(K12:O12) -> 13.237 | Q12: =M12+N12 -> 0 | R12: 40 | S12: 40 | T12: 46284
A13: Hyderabad | B13: SHS 38x38 x 4 | C13: 0.062 | D13: 0 | E13: =IF(C13>0,D13/C13,"") -> 0 | F13: =IF(AND(C13=0,D13>0),"Plant only",IF(AND(D13=0,C13>0),"System only",IF(ABS(D13-C13)<=0.5,"Match",IF(D13>C13,"Plant more","Plant less")))) -> System only | G13: 0 | H13: 0 | I13: 0 | J13: 0.062 | K13: =IF(C13>0,G13*E13,0) -> 0 | L13: =IF(C13>0,H13*E13,0) -> 0 | M13: =IF(C13>0,I13*E13,0) -> 0 | N13: =IF(C13>0,J13*E13,0) -> 0 | O13: =IF(C13>0,0,D13) -> 0 | P13: =SUM(K13:O13) -> 0 | Q13: =M13+N13 -> 0 | R13: 127 | S13: 127 | T13: 46197
A14: Hyderabad | B14: SHS 50x50 x 1.6 | C14: 7.2721564 | D14: 8.671 | E14: =IF(C14>0,D14/C14,"") -> 1.1923561 | F14: =IF(AND(C14=0,D14>0),"Plant only",IF(AND(D14=0,C14>0),"System only",IF(ABS(D14-C14)<=0.5,"Match",IF(D14>C14,"Plant more","Plant less")))) -> Plant more | G14: 7.2721564 | H14: 0 | I14: 0 | J14: 0 | K14: =IF(C14>0,G14*E14,0) -> 8.671 | L14: =IF(C14>0,H14*E14,0) -> 0 | M14: =IF(C14>0,I14*E14,0) -> 0 | N14: =IF(C14>0,J14*E14,0) -> 0 | O14: =IF(C14>0,0,D14) -> 0 | P14: =SUM(K14:O14) -> 8.671 | Q14: =M14+N14 -> 0 | R14: 22 | S14: 22 | T14: 46302
A15: Hyderabad | B15: SHS 50x50 x 2 | C15: 6.1201272 | D15: 8.472 | E15: =IF(C15>0,D15/C15,"") -> 1.384285 | F15: =IF(AND(C15=0,D15>0),"Plant only",IF(AND(D15=0,C15>0),"System only",IF(ABS(D15-C15)<=0.5,"Match",IF(D15>C15,"Plant more","Plant less")))) -> Plant more | G15: 6.1201272 | H15: 0 | I15: 0 | J15: 0 | K15: =IF(C15>0,G15*E15,0) -> 8.472 | L15: =IF(C15>0,H15*E15,0) -> 0 | M15: =IF(C15>0,I15*E15,0) -> 0 | N15: =IF(C15>0,J15*E15,0) -> 0 | O15: =IF(C15>0,0,D15) -> 0 | P15: =SUM(K15:O15) -> 8.472 | Q15: =M15+N15 -> 0 | R15: 22 | S15: 22 | T15: 46302
A16: Hyderabad | B16: SHS 50x50 x 2.5 | C16: 0.9191025 | D16: 1.371 | E16: =IF(C16>0,D16/C16,"") -> 1.4916726 | F16: =IF(AND(C16=0,D16>0),"Plant only",IF(AND(D16=0,C16>0),"System only",IF(ABS(D16-C16)<=0.5,"Match",IF(D16>C16,"Plant more","Plant less")))) -> Match | G16: 0 | H16: 0.9191025 | I16: 0 | J16: 0 | K16: =IF(C16>0,G16*E16,0) -> 0 | L16: =IF(C16>0,H16*E16,0) -> 1.371 | M16: =IF(C16>0,I16*E16,0) -> 0 | N16: =IF(C16>0,J16*E16,0) -> 0 | O16: =IF(C16>0,0,D16) -> 0 | P16: =SUM(K16:O16) -> 1.371 | Q16: =M16+N16 -> 0 | R16: 50 | S16: 50 | T16: 46274
A17: Hyderabad | B17: SHS 50x50 x 3 | C17: 0.72990282 | D17: 0 | E17: =IF(C17>0,D17/C17,"") -> 0 | F17: =IF(AND(C17=0,D17>0),"Plant only",IF(AND(D17=0,C17>0),"System only",IF(ABS(D17-C17)<=0.5,"Match",IF(D17>C17,"Plant more","Plant less")))) -> System only | G17: 0 | H17: 0.72990282 | I17: 0 | J17: 0 | K17: =IF(C17>0,G17*E17,0) -> 0 | L17: =IF(C17>0,H17*E17,0) -> 0 | M17: =IF(C17>0,I17*E17,0) -> 0 | N17: =IF(C17>0,J17*E17,0) -> 0 | O17: =IF(C17>0,0,D17) -> 0 | P17: =SUM(K17:O17) -> 0 | Q17: =M17+N17 -> 0 | R17: 50 | S17: 50 | T17: 46274
A18: Hyderabad | B18: SHS 50x50 x 4 | C18: 0.9923136 | D18: 1.397 | E18: =IF(C18>0,D18/C18,"") -> 1.4078211 | F18: =IF(AND(C18=0,D18>0),"Plant only",IF(AND(D18=0,C18>0),"System only",IF(ABS(D18-C18)<=0.5,"Match",IF(D18>C18,"Plant more","Plant less")))) -> Match | G18: 0 | H18: 0.9923136 | I18: 0 | J18: 0 | K18: =IF(C18>0,G18*E18,0) -> 0 | L18: =IF(C18>0,H18*E18,0) -> 1.397 | M18: =IF(C18>0,I18*E18,0) -> 0 | N18: =IF(C18>0,J18*E18,0) -> 0 | O18: =IF(C18>0,0,D18) -> 0 | P18: =SUM(K18:O18) -> 1.397 | Q18: =M18+N18 -> 0 | R18: 36 | S18: 36 | T18: 46288
... A23: Hyderabad | B23: RHS 40x20 x 2 | C23: 1.8300654 | D23: 0 | E23: =IF(C23>0,D23/C23,"") -> 0 | F23: =IF(AND(C23=0,D23>0),"Plant only",IF(AND(D23=0,C23>0),"System only",IF(ABS(D23-C23)<=0.5,"Match",IF(D23>C23,"Plant more","Plant less")))) -> System only | G23: 0 | H23: 1.8300654 | I23: 0 | J23: 0 | K23: =IF(C23>0,G23*E23,0) -> 0 | L23: =IF(C23>0,H23*E23,0) -> 0 | M23: =IF(C23>0,I23*E23,0) -> 0 | N23: =IF(C23>0,J23*E23,0) -> 0 | O23: =IF(C23>0,0,D23) -> 0 | P23: =SUM(K23:O23) -> 0 | Q23: =M23+N23 -> 0 | R23: 37 | S23: 37 | T23: 46287
A24: Hyderabad | B24: RHS 40x20 x 2.5 | C24: 0 | D24: 1.693 | E24: =IF(C24>0,D24/C24,"") | F24: =IF(AND(C24=0,D24>0),"Plant only",IF(AND(D24=0,C24>0),"System only",IF(ABS(D24-C24)<=0.5,"Match",IF(D24>C24,"Plant more","Plant less")))) -> Plant only | G24: 0 | H24: 0 | I24: 0 | J24: 0 | K24: =IF(C24>0,G24*E24,0) -> 0 | L24: =IF(C24>0,H24*E24,0) -> 0 | M24: =IF(C24>0,I24*E24,0) -> 0 | N24: =IF(C24>0,J24*E24,0) -> 0 | O24: =IF(C24>0,0,D24) -> 1.693 | P24: =SUM(K24:O24) -> 1.693 | Q24: =M24+N24 -> 0 | T24: 46309
A25: Hyderabad | B25: RHS 40x20 x 3 | C25: 10.190474 | D25: 10.988 | E25: =IF(C25>0,D25/C25,"") -> 1.0782619 | F25: =IF(AND(C25=0,D25>0),"Plant only",IF(AND(D25=0,C25>0),"System only",IF(ABS(D25-C25)<=0.5,"Match",IF(D25>C25,"Plant more","Plant less")))) -> Plant more | G25: 10.190474 | H25: 0 | I25: 0 | J25: 0 | K25: =IF(C25>0,G25*E25,0) -> 10.988 | L25: =IF(C25>0,H25*E25,0) -> 0 | M25: =IF(C25>0,I25*E25,0) -> 0 | N25: =IF(C25>0,J25*E25,0) -> 0 | O25: =IF(C25>0,0,D25) -> 0 | P25: =SUM(K25:O25) -> 10.988 | Q25: =M25+N25 -> 0 | R25: 15 | S25: 15 | T25: 46309
A26: Hyderabad | B26: RHS 50x25 x 2 | C26: 11.350928 | D26: 16.866 | E26: =IF(C26>0,D26/C26,"") -> 1.4858696 | F26: =IF(AND(C26=0,D26>0),"Plant only",IF(AND(D26=0,C26>0),"System only",IF(ABS(D26-C26)<=0.5,"Match",IF(D26>C26,"Plant more","Plant less")))) -> Plant more | G26: 11.350928 | H26: 0 | I26: 0 | J26: 0 | K26: =IF(C26>0,G26*E26,0) -> 16.866 | L26: =IF(C26>0,H26*E26,0) -> 0 | M26: =IF(C26>0,I26*E26,0) -> 0 | N26: =IF(C26>0,J26*E26,0) -> 0 | O26: =IF(C26>0,0,D26) -> 0 | P26: =SUM(K26:O26) -> 16.866 | Q26: =M26+N26 -> 0 | R26: 7 | S26: 7 | T26: 46317
A27: Hyderabad | B27: RHS 50x25 x 2.5 | C27: 1.93852 | D27: 0 | E27: =IF(C27>0,D27/C27,"") -> 0 | F27: =IF(AND(C27=0,D27>0),"Plant only",IF(AND(D27=0,C27>0),"System only",IF(ABS(D27-C27)<=0.5,"Match",IF(D27>C27,"Plant more","Plant less")))) -> System only | G27: 0 | H27: 1.93852 | I27: 0 | J27: 0 | K27: =IF(C27>0,G27*E27,0) -> 0 | L27: =IF(C27>0,H27*E27,0) -> 0 | M27: =IF(C27>0,I27*E27,0) -> 0 | N27: =IF(C27>0,J27*E27,0) -> 0 | O27: =IF(C27>0,0,D27) -> 0 | P27: =SUM(K27:O27) -> 0 | Q27: =M27+N27 -> 0 | R27: 37 | S27: 37 | T27: 46287
A28: Hyderabad | B28: RHS 50x25 x 3 | C28: 1.492844 | D28: 0 | E28: =IF(C28>0,D28/C28,"") -> 0 | F28: =IF(AND(C28=0,D28>0),"Plant only",IF(AND(D28=0,C28>0),"System only",IF(ABS(D28-C28)<=0.5,"Match",IF(D28>C28,"Plant more","Plant less")))) -> System only | G28: 0 | H28: 0 | I28: 0 | J28: 1.492844 | K28: =IF(C28>0,G28*E28,0) -> 0 | L28: =IF(C28>0,H28*E28,0) -> 0 | M28: =IF(C28>0,I28*E28,0) -> 0 | N28: =IF(C28>0,J28*E28,0) -> 0 | O28: =IF(C28>0,0,D28) -> 0 | P28: =SUM(K28:O28) -> 0 | Q28: =M28+N28 -> 0 | R28: 162 | S28: 162 | T28: 46162
A29: Hyderabad | B29: RHS 60x40 x 1.6 | C29: 0.48009235 | D29: 0 | E29: =IF(C29>0,D29/C29,"") -> 0 | F29: =IF(AND(C29=0,D29>0),"Plant only",IF(AND(D29=0,C29>0),"System only",IF(ABS(D29-C29)<=0.5,"Match",IF(D29>C29,"Plant more","Plant less")))) -> System only | G29: 0.48009235 | H29: 0 | I29: 0 | J29: 0 | K29: =IF(C29>0,G29*E29,0) -> 0 | L29: =IF(C29>0,H29*E29,0) -> 0 | M29: =IF(C29>0,I29*E29,0) -> 0 | N29: =IF(C29>0,J29*E29,0) -> 0 | O29: =IF(C29>0,0,D29) -> 0 | P29: =SUM(K29:O29) -> 0 | Q29: =M29+N29 -> 0 | R29: 21 | S29: 21 | T29: 46303
A30: Hyderabad | B30: RHS 60x40 x 2 | C30: 20.686965 | D30: 22.891 | E30: =IF(C30>0,D30/C30,"") -> 1.1065422 | F30: =IF(AND(C30=0,D30>0),"Plant only",IF(AND(D30=0,C30>0),"System only",IF(ABS(D30-C30)<=0.5,"Match",IF(D30>C30,"Plant more","Plant less")))) -> Plant more | G30: 20.686965 | H30: 0 | I30: 0 | J30: 0 | K30: =IF(C30>0,G30*E30,0) -> 22.891 | L30: =IF(C30>0,H30*E30,0) -> 0 | M30: =IF(C30>0,I30*E30,0) -> 0 | N30: =IF(C30>0,J30*E30,0) -> 0 | O30: =IF(C30>0,0,D30) -> 0 | P30: =SUM(K30:O30) -> 22.891 | Q30: =M30+N30 -> 0 | R30: 10 | S30: 10 | T30: 46314
A31: Hyderabad | B31: RHS 60x40 x 2.5 | C31: 13.008468 | D31: 11.674 | E31: =IF(C31>0,D31/C31,"") -> 0.89741547 | F31: =IF(AND(C31=0,D31>0),"Plant only",IF(AND(D31=0,C31>0),"System only",IF(ABS(D31-C31)<=0.5,"Match",IF(D31>C31,"Plant more","Plant less")))) -> Plant less | G31: 0 | H31: 13.008468 | I31: 0 | J31: 0 | K31: =IF(C31>0,G31*E31,0) -> 0 | L31: =IF(C31>0,H31*E31,0) -> 11.674 | M31: =IF(C31>0,I31*E31,0) -> 0 | N31: =IF(C31>0,J31*E31,0) -> 0 | O31: =IF(C31>0,0,D31) -> 0 | P31: =SUM(K31:O31) -> 11.674 | Q31: =M31+N31 -> 0 | R31: 48 | S31: 48 | T31: 46276
A32: Hyderabad | B32: RHS 60x40 x 3 | C32: 22.62413 | D32: 16.966 | E32: =IF(C32>0,D32/C32,"") -> 0.74990727 | F32: =IF(AND(C32=0,D32>0),"Plant only",IF(AND(D32=0,C32>0),"System only",IF(ABS(D32-C32)<=0.5,"Match",IF(D32>C32,"Plant more","Plant less")))) -> Plant less | G32: 22.62413 | H32: 0 | I32: 0 | J32: 0 | K32: =IF(C32>0,G32*E32,0) -> 16.966 | L32: =IF(C32>0,H32*E32,0) -> 0 | M32: =IF(C32>0,I32*E32,0) -> 0 | N32: =IF(C32>0,J32*E32,0) -> 0 | O32: =IF(C32>0,0,D32) -> 0 | P32: =SUM(K32:O32) -> 16.966 | Q32: =M32+N32 -> 0 | R32: 18.101953 | S32: 19 | T32: 46307
A33: Hyderabad | B33: RHS 75x25 x 2 | C33: 9.5933392 | D33: 9.983 | E33: =IF(C33>0,D33/C33,"") -> 1.0406178 | F33: =IF(AND(C33=0,D33>0),"Plant only",IF(AND(D33=0,C33>0),"System only",IF(ABS(D33-C33)<=0.5,"Match",IF(D33>C33,"Plant more","Plant less")))) -> Match | G33: 0 | H33: 0 | I33: 0 | J33: 9.5933392 | K33: =IF(C33>0,G33*E33,0) -> 0 | L33: =IF(C33>0,H33*E33,0) -> 0 | M33: =IF(C33>0,I33*E33,0) -> 0 | N33: =IF(C33>0,J33*E33,0) -> 9.983 | O33: =IF(C33>0,0,D33) -> 0 | P33: =SUM(K33:O33) -> 9.983 | Q33: =M33+N33 -> 9.983 | R33: 187 | S33: 187 | T33: 46137
A34: Hyderabad | B34: RHS 75x25 x 2.5 | C34: 1.095805 | D34: 0 | E34: =IF(C34>0,D34/C34,"") -> 0 | F34: =IF(AND(C34=0,D34>0),"Plant only",IF(AND(D34=0,C34>0),"System only",IF(ABS(D34-C34)<=0.5,"Match",IF(D34>C34,"Plant more","Plant less")))) -> System only | G34: 0 | H34: 0 | I34: 0 | J34: 1.095805 | K34: =IF(C34>0,G34*E34,0) -> 0 | L34: =IF(C34>0,H34*E34,0) -> 0 | M34: =IF(C34>0,I34*E34,0) -> 0 | N34: =IF(C34>0,J34*E34,0) -> 0 | O34: =IF(C34>0,0,D34) -> 0 | P34: =SUM(K34:O34) -> 0 | Q34: =M34+N34 -> 0 | R34: 185 | S34: 185 | T34: 46139
A35: Hyderabad | B35: RHS 75x25 x 3 | C35: 20.024344 | D35: 18.573 | E35: =IF(C35>0,D35/C35,"") -> 0.92752104 | F35: =IF(AND(C35=0,D35>0),"Plant only",IF(AND(D35=0,C35>0),"System only",IF(ABS(D35-C35)<=0.5,"Match",IF(D35>C35,"Plant more","Plant less")))) -> Plant less | G35: 0 | H35: 0 | I35: 0 | J35: 20.024344 | K35: =IF(C35>0,G35*E35,0) -> 0 | L35: =IF(C35>0,H35*E35,0) -> 0 | M35: =IF(C35>0,I35*E35,0) -> 0 | N35: =IF(C35>0,J35*E35,0) -> 18.573 | O35: =IF(C35>0,0,D35) -> 0 | P35: =SUM(K35:O35) -> 18.573 | Q35: =M35+N35 -> 18.573 | R35: 188.05499 | S35: 189 | T35: 46139
A36: Hyderabad | B36: RHS 80x40 x 2 | C36: 35.758794 | D36: 28.752 | E36: =IF(C36>0,D36/C36,"") -> 0.80405397 | F36: =IF(AND(C36=0,D36>0),"Plant only",IF(AND(D36=0,C36>0),"System only",IF(ABS(D36-C36)<=0.5,"Match",IF(D36>C36,"Plant more","Plant less")))) -> Plant less | G36: 35.758794 | H36: 0 | I36: 0 | J36: 0 | K36: =IF(C36>0,G36*E36,0) -> 28.752 | L36: =IF(C36>0,H36*E36,0) -> 0 | M36: =IF(C36>0,I36*E36,0) -> 0 | N36: =IF(C36>0,J36*E36,0) -> 0 | O36: =IF(C36>0,0,D36) -> 0 | P36: =SUM(K36:O36) -> 28.752 | Q36: =M36+N36 -> 0 | R36: 15 | S36: 15 | T36: 46309
... A51: Hyderabad | B51: CHS 25 NB x 2.5 | C51: 0.2765439 | D51: 1.04 | E51: =IF(C51>0,D51/C51,"") -> 3.7607049 | F51: =IF(AND(C51=0,D51>0),"Plant only",IF(AND(D51=0,C51>0),"System only",IF(ABS(D51-C51)<=0.5,"Match",IF(D51>C51,"Plant more","Plant less")))) -> Plant more | G51: 0.2765439 | H51: 0 | I51: 0 | J51: 0 | K51: =IF(C51>0,G51*E51,0) -> 1.04 | L51: =IF(C51>0,H51*E51,0) -> 0 | M51: =IF(C51>0,I51*E51,0) -> 0 | N51: =IF(C51>0,J51*E51,0) -> 0 | O51: =IF(C51>0,0,D51) -> 0 | P51: =SUM(K51:O51) -> 1.04 | Q51: =M51+N51 -> 0 | R51: 26 | S51: 26 | T51: 46298
A52: Hyderabad | B52: CHS 25 NB x 3 | C52: 0 | D52: 3.449 | E52: =IF(C52>0,D52/C52,"") | F52: =IF(AND(C52=0,D52>0),"Plant only",IF(AND(D52=0,C52>0),"System only",IF(ABS(D52-C52)<=0.5,"Match",IF(D52>C52,"Plant more","Plant less")))) -> Plant only | G52: 0 | H52: 0 | I52: 0 | J52: 0 | K52: =IF(C52>0,G52*E52,0) -> 0 | L52: =IF(C52>0,H52*E52,0) -> 0 | M52: =IF(C52>0,I52*E52,0) -> 0 | N52: =IF(C52>0,J52*E52,0) -> 0 | O52: =IF(C52>0,0,D52) -> 3.449 | P52: =SUM(K52:O52) -> 3.449 | Q52: =M52+N52 -> 0 | T52: 46298
A53: Hyderabad | B53: CHS 32 NB x 1.6 | C53: 1.3504409 | D53: 0 | E53: =IF(C53>0,D53/C53,"") -> 0 | F53: =IF(AND(C53=0,D53>0),"Plant only",IF(AND(D53=0,C53>0),"System only",IF(ABS(D53-C53)<=0.5,"Match",IF(D53>C53,"Plant more","Plant less")))) -> System only | G53: 0 | H53: 1.3504409 | I53: 0 | J53: 0 | K53: =IF(C53>0,G53*E53,0) -> 0 | L53: =IF(C53>0,H53*E53,0) -> 0 | M53: =IF(C53>0,I53*E53,0) -> 0 | N53: =IF(C53>0,J53*E53,0) -> 0 | O53: =IF(C53>0,0,D53) -> 0 | P53: =SUM(K53:O53) -> 0 | Q53: =M53+N53 -> 0 | R53: 52 | S53: 52 | T53: 46272
A54: Hyderabad | B54: CHS 32 NB x 2 | C54: 7.3919667 | D54: 7.702 | E54: =IF(C54>0,D54/C54,"") -> 1.0419419 | F54: =IF(AND(C54=0,D54>0),"Plant only",IF(AND(D54=0,C54>0),"System only",IF(ABS(D54-C54)<=0.5,"Match",IF(D54>C54,"Plant more","Plant less")))) -> Match | G54: 0 | H54: 0 | I54: 7.3919667 | J54: 0 | K54: =IF(C54>0,G54*E54,0) -> 0 | L54: =IF(C54>0,H54*E54,0) -> 0 | M54: =IF(C54>0,I54*E54,0) -> 7.702 | N54: =IF(C54>0,J54*E54,0) -> 0 | O54: =IF(C54>0,0,D54) -> 0 | P54: =SUM(K54:O54) -> 7.702 | Q54: =M54+N54 -> 7.702 | R54: 71 | S54: 71 | T54: 46253
A55: Hyderabad | B55: CHS 32 NB x 2.5 | C55: 25.735566 | D55: 25.051 | E55: =IF(C55>0,D55/C55,"") -> 0.97339999 | F55: =IF(AND(C55=0,D55>0),"Plant only",IF(AND(D55=0,C55>0),"System only",IF(ABS(D55-C55)<=0.5,"Match",IF(D55>C55,"Plant more","Plant less")))) -> Plant less | G55: 4.2951336 | H55: 0 | I55: 0 | J55: 21.440433 | K55: =IF(C55>0,G55*E55,0) -> 4.180883 | L55: =IF(C55>0,H55*E55,0) -> 0 | M55: =IF(C55>0,I55*E55,0) -> 0 | N55: =IF(C55>0,J55*E55,0) -> 20.870117 | O55: =IF(C55>0,0,D55) -> 0 | P55: =SUM(K55:O55) -> 25.051 | Q55: =M55+N55 -> 20.870117 | R55: 95.645674 | S55: 111 | T55: 46305
A56: Hyderabad | B56: CHS 32 NB x 3 | C56: 2.3627734 | D56: 2.434 | E56: =IF(C56>0,D56/C56,"") -> 1.0301454 | F56: =IF(AND(C56=0,D56>0),"Plant only",IF(AND(D56=0,C56>0),"System only",IF(ABS(D56-C56)<=0.5,"Match",IF(D56>C56,"Plant more","Plant less")))) -> Match | G56: 2.3627734 | H56: 0 | I56: 0 | J56: 0 | K56: =IF(C56>0,G56*E56,0) -> 2.434 | L56: =IF(C56>0,H56*E56,0) -> 0 | M56: =IF(C56>0,I56*E56,0) -> 0 | N56: =IF(C56>0,J56*E56,0) -> 0 | O56: =IF(C56>0,0,D56) -> 0 | P56: =SUM(K56:O56) -> 2.434 | Q56: =M56+N56 -> 0 | R56: 19 | S56: 19 | T56: 46305
A57: Hyderabad | B57: CHS 40 NB x 2 | C57: 24.631153 | D57: 25.549 | E57: =IF(C57>0,D57/C57,"") -> 1.0372637 | F57: =IF(AND(C57=0,D57>0),"Plant only",IF(AND(D57=0,C57>0),"System only",IF(ABS(D57-C57)<=0.5,"Match",IF(D57>C57,"Plant more","Plant less")))) -> Plant more | G57: 0 | H57: 20.525492 | I57: 0 | J57: 4.1056604 | K57: =IF(C57>0,G57*E57,0) -> 0 | L57: =IF(C57>0,H57*E57,0) -> 21.290348 | M57: =IF(C57>0,I57*E57,0) -> 0 | N57: =IF(C57>0,J57*E57,0) -> 4.2586524 | O57: =IF(C57>0,0,D57) -> 0 | P57: =SUM(K57:O57) -> 25.549 | Q57: =M57+N57 -> 4.2586524 | R57: 49.001255 | S57: 104 | T57: 46286
A58: Hyderabad | B58: CHS 40 NB x 2.5 | C58: 1.1016648 | D58: 0 | E58: =IF(C58>0,D58/C58,"") -> 0 | F58: =IF(AND(C58=0,D58>0),"Plant only",IF(AND(D58=0,C58>0),"System only",IF(ABS(D58-C58)<=0.5,"Match",IF(D58>C58,"Plant more","Plant less")))) -> System only | G58: 0 | H58: 0 | I58: 0 | J58: 1.1016648 | K58: =IF(C58>0,G58*E58,0) -> 0 | L58: =IF(C58>0,H58*E58,0) -> 0 | M58: =IF(C58>0,I58*E58,0) -> 0 | N58: =IF(C58>0,J58*E58,0) -> 0 | O58: =IF(C58>0,0,D58) -> 0 | P58: =SUM(K58:O58) -> 0 | Q58: =M58+N58 -> 0 | R58: 131 | S58: 131 | T58: 46193
A59: Hyderabad | B59: CHS 40 NB x 3 | C59: 0.24314298 | D59: 0 | E59: =IF(C59>0,D59/C59,"") -> 0 | F59: =IF(AND(C59=0,D59>0),"Plant only",IF(AND(D59=0,C59>0),"System only",IF(ABS(D59-C59)<=0.5,"Match",IF(D59>C59,"Plant more","Plant less")))) -> System only | G59: 0 | H59: 0.24314298 | I59: 0 | J59: 0 | K59: =IF(C59>0,G59*E59,0) -> 0 | L59: =IF(C59>0,H59*E59,0) -> 0 | M59: =IF(C59>0,I59*E59,0) -> 0 | N59: =IF(C59>0,J59*E59,0) -> 0 | O59: =IF(C59>0,0,D59) -> 0 | P59: =SUM(K59:O59) -> 0 | Q59: =M59+N59 -> 0 | R59: 38 | S59: 38 | T59: 46286
A60: Hyderabad | B60: CHS 40 NB x 4 | C60: 6.987 | D60: 5.509 | E60: =IF(C60>0,D60/C60,"") -> 0.78846429 | F60: =IF(AND(C60=0,D60>0),"Plant only",IF(AND(D60=0,C60>0),"System only",IF(ABS(D60-C60)<=0.5,"Match",IF(D60>C60,"Plant more","Plant less")))) -> Plant less | G60: 0 | H60: 0 | I60: 0 | J60: 6.987 | K60: =IF(C60>0,G60*E60,0) -> 0 | L60: =IF(C60>0,H60*E60,0) -> 0 | M60: =IF(C60>0,I60*E60,0) -> 0 | N60: =IF(C60>0,J60*E60,0) -> 5.509 | O60: =IF(C60>0,0,D60) -> 0 | P60: =SUM(K60:O60) -> 5.509 | Q60: =M60+N60 -> 5.509 | R60: 128 | S60: 128 | T60: 46196
A61: Hyderabad | B61: CHS 50 NB x 1.6 | C61: 1.6796944 | D61: 1.749 | E61: =IF(C61>0,D61/C61,"") -> 1.0412609 | F61: =IF(AND(C61=0,D61>0),"Plant only",IF(AND(D61=0,C61>0),"System only",IF(ABS(D61-C61)<=0.5,"Match",IF(D61>C61,"Plant more","Plant less")))) -> Match | G61: 0 | H61: 0 | I61: 0 | J61: 1.6796944 | K61: =IF(C61>0,G61*E61,0) -> 0 | L61: =IF(C61>0,H61*E61,0) -> 0 | M61: =IF(C61>0,I61*E61,0) -> 0 | N61: =IF(C61>0,J61*E61,0) -> 1.749 | O61: =IF(C61>0,0,D61) -> 0 | P61: =SUM(K61:O61) -> 1.749 | Q61: =M61+N61 -> 1.749 | R61: 97 | S61: 97 | T61: 46227
A62: Hyderabad | B62: CHS 50 NB x 2 | C62: 32.814827 | D62: 27.325 | E62: =IF(C62>0,D62/C62,"") -> 0.83270285 | F62: =IF(AND(C62=0,D62>0),"Plant only",IF(AND(D62=0,C62>0),"System only",IF(ABS(D62-C62)<=0.5,"Match",IF(D62>C62,"Plant more","Plant less")))) -> Plant less | G62: 0 | H62: 0 | I62: 0 | J62: 32.814827 | K62: =IF(C62>0,G62*E62,0) -> 0 | L62: =IF(C62>0,H62*E62,0) -> 0 | M62: =IF(C62>0,I62*E62,0) -> 0 | N62: =IF(C62>0,J62*E62,0) -> 27.325 | O62: =IF(C62>0,0,D62) -> 0 | P62: =SUM(K62:O62) -> 27.325 | Q62: =M62+N62 -> 27.325 | R62: 115.0097 | S62: 128 | T62: 46227
A63: Hyderabad | B63: CHS 50 NB x 2.5 | C63: 14.041558 | D63: 12.48 | E63: =IF(C63>0,D63/C63,"") -> 0.88879029 | F63: =IF(AND(C63=0,D63>0),"Plant only",IF(AND(D63=0,C63>0),"System only",IF(ABS(D63-C63)<=0.5,"Match",IF(D63>C63,"Plant more","Plant less")))) -> Plant less | G63: 0 | H63: 0 | I63: 0 | J63: 14.041558 | K63: =IF(C63>0,G63*E63,0) -> 0 | L63: =IF(C63>0,H63*E63,0) -> 0 | M63: =IF(C63>0,I63*E63,0) -> 0 | N63: =IF(C63>0,J63*E63,0) -> 12.48 | O63: =IF(C63>0,0,D63) -> 0 | P63: =SUM(K63:O63) -> 12.48 | Q63: =M63+N63 -> 12.48 | R63: 111.3585 | S63: 127 | T63: 46221
A64: Hyderabad | B64: CHS 50 NB x 3 | C64: 18.696555 | D64: 15.655 | E64: =IF(C64>0,D64/C64,"") -> 0.83732001 | F64: =IF(AND(C64=0,D64>0),"Plant only",IF(AND(D64=0,C64>0),"System only",IF(ABS(D64-C64)<=0.5,"Match",IF(D64>C64,"Plant more","Plant less")))) -> Plant less | G64: 18.696555 | H64: 0 | I64: 0 | J64: 0 | K64: =IF(C64>0,G64*E64,0) -> 15.655 | L64: =IF(C64>0,H64*E64,0) -> 0 | M64: =IF(C64>0,I64*E64,0) -> 0 | N64: =IF(C64>0,J64*E64,0) -> 0 | O64: =IF(C64>0,0,D64) -> 0 | P64: =SUM(K64:O64) -> 15.655 | Q64: =M64+N64 -> 0 | R64: 6 | S64: 6 | T64: 46318
... A73: Hyderabad | B73: CHS 80 NB x 4 | C73: 19.5961 | D73: 19.762 | E73: =IF(C73>0,D73/C73,"") -> 1.008466 | F73: =IF(AND(C73=0,D73>0),"Plant only",IF(AND(D73=0,C73>0),"System only",IF(ABS(D73-C73)<=0.5,"Match",IF(D73>C73,"Plant more","Plant less")))) -> Match | G73: 19.5961 | H73: 0 | I73: 0 | J73: 0 | K73: =IF(C73>0,G73*E73,0) -> 19.762 | L73: =IF(C73>0,H73*E73,0) -> 0 | M73: =IF(C73>0,I73*E73,0) -> 0 | N73: =IF(C73>0,J73*E73,0) -> 0 | O73: =IF(C73>0,0,D73) -> 0 | P73: =SUM(K73:O73) -> 19.762 | Q73: =M73+N73 -> 0 | R73: 12 | S73: 12 | T73: 46312
A74: Lepakshi | B74: SHS 25x25 x 2 | C74: 0 | D74: 2 | E74: =IF(C74>0,D74/C74,"") | F74: =IF(AND(C74=0,D74>0),"Plant only",IF(AND(D74=0,C74>0),"System only",IF(ABS(D74-C74)<=0.5,"Match",IF(D74>C74,"Plant more","Plant less")))) -> Plant only | G74: 0 | H74: 0 | I74: 0 | J74: 0 | K74: =IF(C74>0,G74*E74,0) -> 0 | L74: =IF(C74>0,H74*E74,0) -> 0 | M74: =IF(C74>0,I74*E74,0) -> 0 | N74: =IF(C74>0,J74*E74,0) -> 0 | O74: =IF(C74>0,0,D74) -> 2 | P74: =SUM(K74:O74) -> 2 | Q74: =M74+N74 -> 0
A75: Lepakshi | B75: SHS 25x25 x 2.5 | C75: 0 | D75: 4 | E75: =IF(C75>0,D75/C75,"") | F75: =IF(AND(C75=0,D75>0),"Plant only",IF(AND(D75=0,C75>0),"System only",IF(ABS(D75-C75)<=0.5,"Match",IF(D75>C75,"Plant more","Plant less")))) -> Plant only | G75: 0 | H75: 0 | I75: 0 | J75: 0 | K75: =IF(C75>0,G75*E75,0) -> 0 | L75: =IF(C75>0,H75*E75,0) -> 0 | M75: =IF(C75>0,I75*E75,0) -> 0 | N75: =IF(C75>0,J75*E75,0) -> 0 | O75: =IF(C75>0,0,D75) -> 4 | P75: =SUM(K75:O75) -> 4 | Q75: =M75+N75 -> 0
A76: Lepakshi | B76: SHS 40x40 x 2 | C76: 5.5529248 | D76: 2.4 | E76: =IF(C76>0,D76/C76,"") -> 0.43220466 | F76: =IF(AND(C76=0,D76>0),"Plant only",IF(AND(D76=0,C76>0),"System only",IF(ABS(D76-C76)<=0.5,"Match",IF(D76>C76,"Plant more","Plant less")))) -> Plant less | G76: 5.5529248 | H76: 0 | I76: 0 | J76: 0 | K76: =IF(C76>0,G76*E76,0) -> 2.4 | L76: =IF(C76>0,H76*E76,0) -> 0 | M76: =IF(C76>0,I76*E76,0) -> 0 | N76: =IF(C76>0,J76*E76,0) -> 0 | O76: =IF(C76>0,0,D76) -> 0 | P76: =SUM(K76:O76) -> 2.4 | Q76: =M76+N76 -> 0 | R76: 19 | S76: 19 | T76: 46305
A77: Lepakshi | B77: SHS 40x40 x 2.5 | C77: 6.5123125 | D77: 0 | E77: =IF(C77>0,D77/C77,"") -> 0 | F77: =IF(AND(C77=0,D77>0),"Plant only",IF(AND(D77=0,C77>0),"System only",IF(ABS(D77-C77)<=0.5,"Match",IF(D77>C77,"Plant more","Plant less")))) -> System only | G77: 6.5123125 | H77: 0 | I77: 0 | J77: 0 | K77: =IF(C77>0,G77*E77,0) -> 0 | L77: =IF(C77>0,H77*E77,0) -> 0 | M77: =IF(C77>0,I77*E77,0) -> 0 | N77: =IF(C77>0,J77*E77,0) -> 0 | O77: =IF(C77>0,0,D77) -> 0 | P77: =SUM(K77:O77) -> 0 | Q77: =M77+N77 -> 0 | R77: 19 | S77: 19 | T77: 46305
A78: Lepakshi | B78: SHS 40x40 x 3 | C78: 4.667348 | D78: 34 | E78: =IF(C78>0,D78/C78,"") -> 7.2846507 | F78: =IF(AND(C78=0,D78>0),"Plant only",IF(AND(D78=0,C78>0),"System only",IF(ABS(D78-C78)<=0.5,"Match",IF(D78>C78,"Plant more","Plant less")))) -> Plant more | G78: 4.667348 | H78: 0 | I78: 0 | J78: 0 | K78: =IF(C78>0,G78*E78,0) -> 34 | L78: =IF(C78>0,H78*E78,0) -> 0 | M78: =IF(C78>0,I78*E78,0) -> 0 | N78: =IF(C78>0,J78*E78,0) -> 0 | O78: =IF(C78>0,0,D78) -> 0 | P78: =SUM(K78:O78) -> 34 | Q78: =M78+N78 -> 0 | R78: 23 | S78: 23 | T78: 46301
A79: Lepakshi | B79: SHS 72x72 x 2 | C79: 1.86896 | D79: 0 | E79: =IF(C79>0,D79/C79,"") -> 0 | F79: =IF(AND(C79=0,D79>0),"Plant only",IF(AND(D79=0,C79>0),"System only",IF(ABS(D79-C79)<=0.5,"Match",IF(D79>C79,"Plant more","Plant less")))) -> System only | G79: 0 | H79: 1.86896 | I79: 0 | J79: 0 | K79: =IF(C79>0,G79*E79,0) -> 0 | L79: =IF(C79>0,H79*E79,0) -> 0 | M79: =IF(C79>0,I79*E79,0) -> 0 | N79: =IF(C79>0,J79*E79,0) -> 0 | O79: =IF(C79>0,0,D79) -> 0 | P79: =SUM(K79:O79) -> 0 | Q79: =M79+N79 -> 0 | R79: 37 | S79: 37 | T79: 46287
A80: Lepakshi | B80: SHS 72x72 x 2.5 | C80: 5.3884585 | D80: 18.8 | E80: =IF(C80>0,D80/C80,"") -> 3.4889384 | F80: =IF(AND(C80=0,D80>0),"Plant only",IF(AND(D80=0,C80>0),"System only",IF(ABS(D80-C80)<=0.5,"Match",IF(D80>C80,"Plant more","Plant less")))) -> Plant more | G80: 0 | H80: 5.3884585 | I80: 0 | J80: 0 | K80: =IF(C80>0,G80*E80,0) -> 0 | L80: =IF(C80>0,H80*E80,0) -> 18.8 | M80: =IF(C80>0,I80*E80,0) -> 0 | N80: =IF(C80>0,J80*E80,0) -> 0 | O80: =IF(C80>0,0,D80) -> 0 | P80: =SUM(K80:O80) -> 18.8 | Q80: =M80+N80 -> 0 | R80: 35 | S80: 35 | T80: 46289
A81: Lepakshi | B81: SHS 72x72 x 4 | C81: 0 | D81: 1.8 | E81: =IF(C81>0,D81/C81,"") | F81: =IF(AND(C81=0,D81>0),"Plant only",IF(AND(D81=0,C81>0),"System only",IF(ABS(D81-C81)<=0.5,"Match",IF(D81>C81,"Plant more","Plant less")))) -> Plant only | G81: 0 | H81: 0 | I81: 0 | J81: 0 | K81: =IF(C81>0,G81*E81,0) -> 0 | L81: =IF(C81>0,H81*E81,0) -> 0 | M81: =IF(C81>0,I81*E81,0) -> 0 | N81: =IF(C81>0,J81*E81,0) -> 0 | O81: =IF(C81>0,0,D81) -> 1.8 | P81: =SUM(K81:O81) -> 1.8 | Q81: =M81+N81 -> 0 | T81: 46289
A82: Lepakshi | B82: SHS 72x72 x 5 | C82: 51.75348 | D82: 49 | E82: =IF(C82>0,D82/C82,"") -> 0.94679623 | F82: =IF(AND(C82=0,D82>0),"Plant only",IF(AND(D82=0,C82>0),"System only",IF(ABS(D82-C82)<=0.5,"Match",IF(D82>C82,"Plant more","Plant less")))) -> Plant less | G82: 0 | H82: 51.75348 | I82: 0 | J82: 0 | K82: =IF(C82>0,G82*E82,0) -> 0 | L82: =IF(C82>0,H82*E82,0) -> 49 | M82: =IF(C82>0,I82*E82,0) -> 0 | N82: =IF(C82>0,J82*E82,0) -> 0 | O82: =IF(C82>0,0,D82) -> 0 | P82: =SUM(K82:O82) -> 49 | Q82: =M82+N82 -> 0 | R82: 36.207317 | S82: 37 | T82: 46288
A83: Lepakshi | B83: SHS 100x100 x 2 | C83: 0.3330208 | D83: 0 | E83: =IF(C83>0,D83/C83,"") -> 0 | F83: =IF(AND(C83=0,D83>0),"Plant only",IF(AND(D83=0,C83>0),"System only",IF(ABS(D83-C83)<=0.5,"Match",IF(D83>C83,"Plant more","Plant less")))) -> System only | G83: 0 | H83: 0.3330208 | I83: 0 | J83: 0 | K83: =IF(C83>0,G83*E83,0) -> 0 | L83: =IF(C83>0,H83*E83,0) -> 0 | M83: =IF(C83>0,I83*E83,0) -> 0 | N83: =IF(C83>0,J83*E83,0) -> 0 | O83: =IF(C83>0,0,D83) -> 0 | P83: =SUM(K83:O83) -> 0 | Q83: =M83+N83 -> 0 | R83: 57 | S83: 57 | T83: 46267
A84: Lepakshi | B84: SHS 100x100 x 2.5 | C84: 0.26774 | D84: 1 | E84: =IF(C84>0,D84/C84,"") -> 3.7349668 | F84: =IF(AND(C84=0,D84>0),"Plant only",IF(AND(D84=0,C84>0),"System only",IF(ABS(D84-C84)<=0.5,"Match",IF(D84>C84,"Plant more","Plant less")))) -> Plant more | G84: 0 | H84: 0.26774 | I84: 0 | J84: 0 | K84: =IF(C84>0,G84*E84,0) -> 0 | L84: =IF(C84>0,H84*E84,0) -> 1 | M84: =IF(C84>0,I84*E84,0) -> 0 | N84: =IF(C84>0,J84*E84,0) -> 0 | O84: =IF(C84>0,0,D84) -> 0 | P84: =SUM(K84:O84) -> 1 | Q84: =M84+N84 -> 0 | R84: 40 | S84: 40 | T84: 46284
A85: Lepakshi | B85: SHS 100x100 x 3 | C85: 0.5358048 | D85: 0 | E85: =IF(C85>0,D85/C85,"") -> 0 | F85: =IF(AND(C85=0,D85>0),"Plant only",IF(AND(D85=0,C85>0),"System only",IF(ABS(D85-C85)<=0.5,"Match",IF(D85>C85,"Plant more","Plant less")))) -> System only | G85: 0 | H85: 0.5358048 | I85: 0 | J85: 0 | K85: =IF(C85>0,G85*E85,0) -> 0 | L85: =IF(C85>0,H85*E85,0) -> 0 | M85: =IF(C85>0,I85*E85,0) -> 0 | N85: =IF(C85>0,J85*E85,0) -> 0 | O85: =IF(C85>0,0,D85) -> 0 | P85: =SUM(K85:O85) -> 0 | Q85: =M85+N85 -> 0 | R85: 40 | S85: 40 | T85: 46284
A86: Lepakshi | B86: SHS 100x100 x 4 | C86: 0 | D86: 1 | E86: =IF(C86>0,D86/C86,"") | F86: =IF(AND(C86=0,D86>0),"Plant only",IF(AND(D86=0,C86>0),"System only",IF(ABS(D86-C86)<=0.5,"Match",IF(D86>C86,"Plant more","Plant less")))) -> Plant only | G86: 0 | H86: 0 | I86: 0 | J86: 0 | K86: =IF(C86>0,G86*E86,0) -> 0 | L86: =IF(C86>0,H86*E86,0) -> 0 | M86: =IF(C86>0,I86*E86,0) -> 0 | N86: =IF(C86>0,J86*E86,0) -> 0 | O86: =IF(C86>0,0,D86) -> 1 | P86: =SUM(K86:O86) -> 1 | Q86: =M86+N86 -> 0 | T86: 46280
A87: Lepakshi | B87: SHS 100x100 x 5 | C87: 2.00522 | D87: 8.3 | E87: =IF(C87>0,D87/C87,"") -> 4.1391967 | F87: =IF(AND(C87=0,D87>0),"Plant only",IF(AND(D87=0,C87>0),"System only",IF(ABS(D87-C87)<=0.5,"Match",IF(D87>C87,"Plant more","Plant less")))) -> Plant more | G87: 0 | H87: 2.00522 | I87: 0 | J87: 0 | K87: =IF(C87>0,G87*E87,0) -> 0 | L87: =IF(C87>0,H87*E87,0) -> 8.3 | M87: =IF(C87>0,I87*E87,0) -> 0 | N87: =IF(C87>0,J87*E87,0) -> 0 | O87: =IF(C87>0,0,D87) -> 0 | P87: =SUM(K87:O87) -> 8.3 | Q87: =M87+N87 -> 0 | R87: 40 | S87: 40 | T87: 46284
A88: Lepakshi | B88: SHS 150x150 x 3 | C88: 37.792589 | D88: 43.5 | E88: =IF(C88>0,D88/C88,"") -> 1.1510193 | F88: =IF(AND(C88=0,D88>0),"Plant only",IF(AND(D88=0,C88>0),"System only",IF(ABS(D88-C88)<=0.5,"Match",IF(D88>C88,"Plant more","Plant less")))) -> Plant more | G88: 37.792589 | H88: 0 | I88: 0 | J88: 0 | K88: =IF(C88>0,G88*E88,0) -> 43.5 | L88: =IF(C88>0,H88*E88,0) -> 0 | M88: =IF(C88>0,I88*E88,0) -> 0 | N88: =IF(C88>0,J88*E88,0) -> 0 | O88: =IF(C88>0,0,D88) -> 0 | P88: =SUM(K88:O88) -> 43.5 | Q88: =M88+N88 -> 0 | R88: 16 | S88: 16 | T88: 46308
A89: Lepakshi | B89: SHS 150x150 x 4 | C89: 35.024976 | D89: 31 | E89: =IF(C89>0,D89/C89,"") -> 0.88508269 | F89: =IF(AND(C89=0,D89>0),"Plant only",IF(AND(D89=0,C89>0),"System only",IF(ABS(D89-C89)<=0.5,"Match",IF(D89>C89,"Plant more","Plant less")))) -> Plant less | G89: 35.024976 | H89: 0 | I89: 0 | J89: 0 | K89: =IF(C89>0,G89*E89,0) -> 31 | L89: =IF(C89>0,H89*E89,0) -> 0 | M89: =IF(C89>0,I89*E89,0) -> 0 | N89: =IF(C89>0,J89*E89,0) -> 0 | O89: =IF(C89>0,0,D89) -> 0 | P89: =SUM(K89:O89) -> 31 | Q89: =M89+N89 -> 0 | R89: 5.5309424 | S89: 17 | T89: 46321
A90: Lepakshi | B90: SHS 150x150 x 5 | C90: 41.17071 | D90: 37.4 | E90: =IF(C90>0,D90/C90,"") -> 0.9084128 | F90: =IF(AND(C90=0,D90>0),"Plant only",IF(AND(D90=0,C90>0),"System only",IF(ABS(D90-C90)<=0.5,"Match",IF(D90>C90,"Plant more","Plant less")))) -> Plant less | G90: 41.17071 | H90: 0 | I90: 0 | J90: 0 | K90: =IF(C90>0,G90*E90,0) -> 37.4 | L90: =IF(C90>0,H90*E90,0) -> 0 | M90: =IF(C90>0,I90*E90,0) -> 0 | N90: =IF(C90>0,J90*E90,0) -> 0 | O90: =IF(C90>0,0,D90) -> 0 | P90: =SUM(K90:O90) -> 37.4 | Q90: =M90+N90 -> 0 | R90: 7.1053807 | S90: 16 | T90: 46321
A91: Lepakshi | B91: RHS 50x25 x 2 | C91: 0 | D91: 8.9 | E91: =IF(C91>0,D91/C91,"") | F91: =IF(AND(C91=0,D91>0),"Plant only",IF(AND(D91=0,C91>0),"System only",IF(ABS(D91-C91)<=0.5,"Match",IF(D91>C91,"Plant more","Plant less")))) -> Plant only | G91: 0 | H91: 0 | I91: 0 | J91: 0 | K91: =IF(C91>0,G91*E91,0) -> 0 | L91: =IF(C91>0,H91*E91,0) -> 0 | M91: =IF(C91>0,I91*E91,0) -> 0 | N91: =IF(C91>0,J91*E91,0) -> 0 | O91: =IF(C91>0,0,D91) -> 8.9 | P91: =SUM(K91:O91) -> 8.9 | Q91: =M91+N91 -> 0
A92: Lepakshi | B92: RHS 50x25 x 3 | C92: 6.1211178 | D92: 5.8 | E92: =IF(C92>0,D92/C92,"") -> 0.94753935 | F92: =IF(AND(C92=0,D92>0),"Plant only",IF(AND(D92=0,C92>0),"System only",IF(ABS(D92-C92)<=0.5,"Match",IF(D92>C92,"Plant more","Plant less")))) -> Match | G92: 6.1211178 | H92: 0 | I92: 0 | J92: 0 | K92: =IF(C92>0,G92*E92,0) -> 5.8 | L92: =IF(C92>0,H92*E92,0) -> 0 | M92: =IF(C92>0,I92*E92,0) -> 0 | N92: =IF(C92>0,J92*E92,0) -> 0 | O92: =IF(C92>0,0,D92) -> 0 | P92: =SUM(K92:O92) -> 5.8 | Q92: =M92+N92 -> 0 | R92: 17 | S92: 17 | T92: 46307
A93: Lepakshi | B93: RHS 96x48 x 2.5 | C93: 3.771654 | D93: 3 | E93: =IF(C93>0,D93/C93,"") -> 0.795407 | F93: =IF(AND(C93=0,D93>0),"Plant only",IF(AND(D93=0,C93>0),"System only",IF(ABS(D93-C93)<=0.5,"Match",IF(D93>C93,"Plant more","Plant less")))) -> Plant less | G93: 0 | H93: 3.771654 | I93: 0 | J93: 0 | K93: =IF(C93>0,G93*E93,0) -> 0 | L93: =IF(C93>0,H93*E93,0) -> 3 | M93: =IF(C93>0,I93*E93,0) -> 0 | N93: =IF(C93>0,J93*E93,0) -> 0 | O93: =IF(C93>0,0,D93) -> 0 | P93: =SUM(K93:O93) -> 3 | Q93: =M93+N93 -> 0 | R93: 33 | S93: 33 | T93: 46291
A94: Lepakshi | B94: RHS 96x48 x 3 | C94: 8.3800532 | D94: 7.5 | E94: =IF(C94>0,D94/C94,"") -> 0.89498239 | F94: =IF(AND(C94=0,D94>0),"Plant only",IF(AND(D94=0,C94>0),"System only",IF(ABS(D94-C94)<=0.5,"Match",IF(D94>C94,"Plant more","Plant less")))) -> Plant less | G94: 8.3800532 | H94: 0 | I94: 0 | J94: 0 | K94: =IF(C94>0,G94*E94,0) -> 7.5 | L94: =IF(C94>0,H94*E94,0) -> 0 | M94: =IF(C94>0,I94*E94,0) -> 0 | N94: =IF(C94>0,J94*E94,0) -> 0 | O94: =IF(C94>0,0,D94) -> 0 | P94: =SUM(K94:O94) -> 7.5 | Q94: =M94+N94 -> 0 | R94: 29 | S94: 29 | T94: 46295
A95: Lepakshi | B95: RHS 96x48 x 4 | C95: 4.2607808 | D95: 4 | E95: =IF(C95>0,D95/C95,"") -> 0.93879507 | F95: =IF(AND(C95=0,D95>0),"Plant only",IF(AND(D95=0,C95>0),"System only",IF(ABS(D95-C95)<=0.5,"Match",IF(D95>C95,"Plant more","Plant less")))) -> Match | G95: 4.2607808 | H95: 0 | I95: 0 | J95: 0 | K95: =IF(C95>0,G95*E95,0) -> 4 | L95: =IF(C95>0,H95*E95,0) -> 0 | M95: =IF(C95>0,I95*E95,0) -> 0 | N95: =IF(C95>0,J95*E95,0) -> 0 | O95: =IF(C95>0,0,D95) -> 0 | P95: =SUM(K95:O95) -> 4 | Q95: =M95+N95 -> 0 | R95: 30 | S95: 30 | T95: 46294
A96: Lepakshi | B96: RHS 96x48 x 5 | C96: 22.771162 | D96: 20.8 | E96: =IF(C96>0,D96/C96,"") -> 0.91343604 | F96: =IF(AND(C96=0,D96>0),"Plant only",IF(AND(D96=0,C96>0),"System only",IF(ABS(D96-C96)<=0.5,"Match",IF(D96>C96,"Plant more","Plant less")))) -> Plant less | G96: 22.771162 | H96: 0 | I96: 0 | J96: 0 | K96: =IF(C96>0,G96*E96,0) -> 20.8 | L96: =IF(C96>0,H96*E96,0) -> 0 | M96: =IF(C96>0,I96*E96,0) -> 0 | N96: =IF(C96>0,J96*E96,0) -> 0 | O96: =IF(C96>0,0,D96) -> 0 | P96: =SUM(K96:O96) -> 20.8 | Q96: =M96+N96 -> 0 | R96: 29.819842 | S96: 30 | T96: 46295
A97: Lepakshi | B97: RHS 122x61 x 2 | C97: 2.392126 | D97: 2.2 | E97: =IF(C97>0,D97/C97,"") -> 0.919684 | F97: =IF(AND(C97=0,D97>0),"Plant only",IF(AND(D97=0,C97>0),"System only",IF(ABS(D97-C97)<=0.5,"Match",IF(D97>C97,"Plant more","Plant less")))) -> Match | G97: 2.392126 | H97: 0 | I97: 0 | J97: 0 | K97: =IF(C97>0,G97*E97,0) -> 2.2 | L97: =IF(C97>0,H97*E97,0) -> 0 | M97: =IF(C97>0,I97*E97,0) -> 0 | N97: =IF(C97>0,J97*E97,0) -> 0 | O97: =IF(C97>0,0,D97) -> 0 | P97: =SUM(K97:O97) -> 2.2 | Q97: =M97+N97 -> 0 | R97: 22 | S97: 22 | T97: 46302
A98: Lepakshi | B98: RHS 122x61 x 2.5 | C98: 23.493792 | D98: 22.5 | E98: =IF(C98>0,D98/C98,"") -> 0.9576998 | F98: =IF(AND(C98=0,D98>0),"Plant only",IF(AND(D98=0,C98>0),"System only",IF(ABS(D98-C98)<=0.5,"Match",IF(D98>C98,"Plant more","Plant less")))) -> Plant less | G98: 23.493792 | H98: 0 | I98: 0 | J98: 0 | K98: =IF(C98>0,G98*E98,0) -> 22.5 | L98: =IF(C98>0,H98*E98,0) -> 0 | M98: =IF(C98>0,I98*E98,0) -> 0 | N98: =IF(C98>0,J98*E98,0) -> 0 | O98: =IF(C98>0,0,D98) -> 0 | P98: =SUM(K98:O98) -> 22.5 | Q98: =M98+N98 -> 0 | R98: 22.778598 | S98: 25 | T98: 46302
A99: Lepakshi | B99: RHS 122x61 x 3 | C99: 9.700807 | D99: 8.5 | E99: =IF(C99>0,D99/C99,"") -> 0.87621576 | F99: =IF(AND(C99=0,D99>0),"Plant only",IF(AND(D99=0,C99>0),"System only",IF(ABS(D99-C99)<=0.5,"Match",IF(D99>C99,"Plant more","Plant less")))) -> Plant less | G99: 9.700807 | H99: 0 | I99: 0 | J99: 0 | K99: =IF(C99>0,G99*E99,0) -> 8.5 | L99: =IF(C99>0,H99*E99,0) -> 0 | M99: =IF(C99>0,I99*E99,0) -> 0 | N99: =IF(C99>0,J99*E99,0) -> 0 | O99: =IF(C99>0,0,D99) -> 0 | P99: =SUM(K99:O99) -> 8.5 | Q99: =M99+N99 -> 0 | R99: 24 | S99: 24 | T99: 46300
A100: Lepakshi | B100: RHS 122x61 x 4 | C100: 30.45868 | D100: 39.5 | E100: =IF(C100>0,D100/C100,"") -> 1.2968389 | F100: =IF(AND(C100=0,D100>0),"Plant only",IF(AND(D100=0,C100>0),"System only",IF(ABS(D100-C100)<=0.5,"Match",IF(D100>C100,"Plant more","Plant less")))) -> Plant more | G100: 30.45868 | H100: 0 | I100: 0 | J100: 0 | K100: =IF(C100>0,G100*E100,0) -> 39.5 | L100: =IF(C100>0,H100*E100,0) -> 0 | M100: =IF(C100>0,I100*E100,0) -> 0 | N100: =IF(C100>0,J100*E100,0) -> 0 | O100: =IF(C100>0,0,D100) -> 0 | P100: =SUM(K100:O100) -> 39.5 | Q100: =M100+N100 -> 0 | R100: 23 | S100: 23 | T100: 46301
A101: Lepakshi | B101: RHS 122x61 x 5 | C101: 23.196887 | D101: 28.2 | E101: =IF(C101>0,D101/C101,"") -> 1.2156804 | F101: =IF(AND(C101=0,D101>0),"Plant only",IF(AND(D101=0,C101>0),"System only",IF(ABS(D101-C101)<=0.5,"Match",IF(D101>C101,"Plant more","Plant less")))) -> Plant more | G101: 23.196887 | H101: 0 | I101: 0 | J101: 0 | K101: =IF(C101>0,G101*E101,0) -> 28.2 | L101: =IF(C101>0,H101*E101,0) -> 0 | M101: =IF(C101>0,I101*E101,0) -> 0 | N101: =IF(C101>0,J101*E101,0) -> 0 | O101: =IF(C101>0,0,D101) -> 0 | P101: =SUM(K101:O101) -> 28.2 | Q101: =M101+N101 -> 0 | R101: 22.392308 | S101: 23 | T101: 46302
A102: NPMD | B102: SHS 50x50 x 1.6 | C102: 54.769318 | D102: 50.5 | E102: =IF(C102>0,D102/C102,"") -> 0.9220491 | F102: =IF(AND(C102=0,D102>0),"Plant only",IF(AND(D102=0,C102>0),"System only",IF(ABS(D102-C102)<=0.5,"Match",IF(D102>C102,"Plant more","Plant less")))) -> Plant less | G102: 54.769318 | H102: 0 | I102: 0 | J102: 0 | K102: =IF(C102>0,G102*E102,0) -> 50.5 | L102: =IF(C102>0,H102*E102,0) -> 0 | M102: =IF(C102>0,I102*E102,0) -> 0 | N102: =IF(C102>0,J102*E102,0) -> 0 | O102: =IF(C102>0,0,D102) -> 0 | P102: =SUM(K102:O102) -> 50.5 | Q102: =M102+N102 -> 0 | R102: 21.397402 | S102: 27 | T102: 46323
A103: NPMD | B103: SHS 50x50 x 2 | C103: 67.033002 | D103: 69.5 | E103: =IF(C103>0,D103/C103,"") -> 1.0368027 | F103: =IF(AND(C103=0,D103>0),"Plant only",IF(AND(D103=0,C103>0),"System only",IF(ABS(D103-C103)<=0.5,"Match",IF(D103>C103,"Plant more","Plant less")))) -> Plant more | G103: 47.820442 | H103: 19.21256 | I103: 0 | J103: 0 | K103: =IF(C103>0,G103*E103,0) -> 49.580365 | L103: =IF(C103>0,H103*E103,0) -> 19.919635 | M103: =IF(C103>0,I103*E103,0) -> 0 | N103: =IF(C103>0,J103*E103,0) -> 0 | O103: =IF(C103>0,0,D103) -> 0 | P103: =SUM(K103:O103) -> 69.5 | Q103: =M103+N103 -> 0 | R103: 22.517367 | S103: 54 | T103: 46323
... A107: NPMD | B107: RHS 50x25 x 1.6 | C107: 2.1531787 | D107: 1 | E107: =IF(C107>0,D107/C107,"") -> 0.46442964 | F107: =IF(AND(C107=0,D107>0),"Plant only",IF(AND(D107=0,C107>0),"System only",IF(ABS(D107-C107)<=0.5,"Match",IF(D107>C107,"Plant more","Plant less")))) -> Plant less | G107: 0 | H107: 2.1531787 | I107: 0 | J107: 0 | K107: =IF(C107>0,G107*E107,0) -> 0 | L107: =IF(C107>0,H107*E107,0) -> 1 | M107: =IF(C107>0,I107*E107,0) -> 0 | N107: =IF(C107>0,J107*E107,0) -> 0 | O107: =IF(C107>0,0,D107) -> 0 | P107: =SUM(K107:O107) -> 1 | Q107: =M107+N107 -> 0 | R107: 36 | S107: 36 | T107: 46288
A108: NPMD | B108: RHS 50x25 x 2.5 | C108: 0 | D108: 0.8 | E108: =IF(C108>0,D108/C108,"") | F108: =IF(AND(C108=0,D108>0),"Plant only",IF(AND(D108=0,C108>0),"System only",IF(ABS(D108-C108)<=0.5,"Match",IF(D108>C108,"Plant more","Plant less")))) -> Plant only | G108: 0 | H108: 0 | I108: 0 | J108: 0 | K108: =IF(C108>0,G108*E108,0) -> 0 | L108: =IF(C108>0,H108*E108,0) -> 0 | M108: =IF(C108>0,I108*E108,0) -> 0 | N108: =IF(C108>0,J108*E108,0) -> 0 | O108: =IF(C108>0,0,D108) -> 0.8 | P108: =SUM(K108:O108) -> 0.8 | Q108: =M108+N108 -> 0 | T108: 46291
A109: NPMD | B109: RHS 50x25 x 3 | C109: 0 | D109: 0.1 | E109: =IF(C109>0,D109/C109,"") | F109: =IF(AND(C109=0,D109>0),"Plant only",IF(AND(D109=0,C109>0),"System only",IF(ABS(D109-C109)<=0.5,"Match",IF(D109>C109,"Plant more","Plant less")))) -> Plant only | G109: 0 | H109: 0 | I109: 0 | J109: 0 | K109: =IF(C109>0,G109*E109,0) -> 0 | L109: =IF(C109>0,H109*E109,0) -> 0 | M109: =IF(C109>0,I109*E109,0) -> 0 | N109: =IF(C109>0,J109*E109,0) -> 0 | O109: =IF(C109>0,0,D109) -> 0.1 | P109: =SUM(K109:O109) -> 0.1 | Q109: =M109+N109 -> 0 | T109: 46291
A110: NPMD | B110: RHS 60x40 x 1.6 | C110: 102.52885 | D110: 99 | E110: =IF(C110>0,D110/C110,"") -> 0.96558184 | F110: =IF(AND(C110=0,D110>0),"Plant only",IF(AND(D110=0,C110>0),"System only",IF(ABS(D110-C110)<=0.5,"Match",IF(D110>C110,"Plant more","Plant less")))) -> Plant less | G110: 102.52885 | H110: 0 | I110: 0 | J110: 0 | K110: =IF(C110>0,G110*E110,0) -> 99 | L110: =IF(C110>0,H110*E110,0) -> 0 | M110: =IF(C110>0,I110*E110,0) -> 0 | N110: =IF(C110>0,J110*E110,0) -> 0 | O110: =IF(C110>0,0,D110) -> 0 | P110: =SUM(K110:O110) -> 99 | Q110: =M110+N110 -> 0 | R110: 18.606614 | S110: 20 | T110: 46306
A111: NPMD | B111: RHS 60x40 x 2 | C111: 40.882514 | D111: 41.3 | E111: =IF(C111>0,D111/C111,"") -> 1.0102119 | F111: =IF(AND(C111=0,D111>0),"Plant only",IF(AND(D111=0,C111>0),"System only",IF(ABS(D111-C111)<=0.5,"Match",IF(D111>C111,"Plant more","Plant less")))) -> Match | G111: 40.882514 | H111: 0 | I111: 0 | J111: 0 | K111: =IF(C111>0,G111*E111,0) -> 41.3 | L111: =IF(C111>0,H111*E111,0) -> 0 | M111: =IF(C111>0,I111*E111,0) -> 0 | N111: =IF(C111>0,J111*E111,0) -> 0 | O111: =IF(C111>0,0,D111) -> 0 | P111: =SUM(K111:O111) -> 41.3 | Q111: =M111+N111 -> 0 | R111: 21.657583 | S111: 22 | T111: 46304
A112: NPMD | B112: RHS 60x40 x 2.5 | C112: 41.763903 | D112: 42 | E112: =IF(C112>0,D112/C112,"") -> 1.0056531 | F112: =IF(AND(C112=0,D112>0),"Plant only",IF(AND(D112=0,C112>0),"System only",IF(ABS(D112-C112)<=0.5,"Match",IF(D112>C112,"Plant more","Plant less")))) -> Match | G112: 41.763903 | H112: 0 | I112: 0 | J112: 0 | K112: =IF(C112>0,G112*E112,0) -> 42 | L112: =IF(C112>0,H112*E112,0) -> 0 | M112: =IF(C112>0,I112*E112,0) -> 0 | N112: =IF(C112>0,J112*E112,0) -> 0 | O112: =IF(C112>0,0,D112) -> 0 | P112: =SUM(K112:O112) -> 42 | Q112: =M112+N112 -> 0 | R112: 23.380207 | S112: 24 | T112: 46301
A113: NPMD | B113: RHS 60x40 x 3 | C113: 17.37295 | D113: 17.4 | E113: =IF(C113>0,D113/C113,"") -> 1.001557 | F113: =IF(AND(C113=0,D113>0),"Plant only",IF(AND(D113=0,C113>0),"System only",IF(ABS(D113-C113)<=0.5,"Match",IF(D113>C113,"Plant more","Plant less")))) -> Match | G113: 0 | H113: 17.37295 | I113: 0 | J113: 0 | K113: =IF(C113>0,G113*E113,0) -> 0 | L113: =IF(C113>0,H113*E113,0) -> 17.4 | M113: =IF(C113>0,I113*E113,0) -> 0 | N113: =IF(C113>0,J113*E113,0) -> 0 | O113: =IF(C113>0,0,D113) -> 0 | P113: =SUM(K113:O113) -> 17.4 | Q113: =M113+N113 -> 0 | R113: 52 | S113: 52 | T113: 46272
A114: NPMD | B114: RHS 80x40 x 1.6 | C114: 56.16017 | D114: 56.6 | E114: =IF(C114>0,D114/C114,"") -> 1.0078317 | F114: =IF(AND(C114=0,D114>0),"Plant only",IF(AND(D114=0,C114>0),"System only",IF(ABS(D114-C114)<=0.5,"Match",IF(D114>C114,"Plant more","Plant less")))) -> Match | G114: 56.16017 | H114: 0 | I114: 0 | J114: 0 | K114: =IF(C114>0,G114*E114,0) -> 56.6 | L114: =IF(C114>0,H114*E114,0) -> 0 | M114: =IF(C114>0,I114*E114,0) -> 0 | N114: =IF(C114>0,J114*E114,0) -> 0 | O114: =IF(C114>0,0,D114) -> 0 | P114: =SUM(K114:O114) -> 56.6 | Q114: =M114+N114 -> 0 | R114: 6.5900466 | S114: 8 | T114: 46318
A115: NPMD | B115: RHS 80x40 x 2 | C115: 101.48049 | D115: 104 | E115: =IF(C115>0,D115/C115,"") -> 1.0248276 | F115: =IF(AND(C115=0,D115>0),"Plant only",IF(AND(D115=0,C115>0),"System only",IF(ABS(D115-C115)<=0.5,"Match",IF(D115>C115,"Plant more","Plant less")))) -> Plant more | G115: 49.631342 | H115: 51.849144 | I115: 0 | J115: 0 | K115: =IF(C115>0,G115*E115,0) -> 50.863568 | L115: =IF(C115>0,H115*E115,0) -> 53.136432 | M115: =IF(C115>0,I115*E115,0) -> 0 | N115: =IF(C115>0,J115*E115,0) -> 0 | O115: =IF(C115>0,0,D115) -> 0 | P115: =SUM(K115:O115) -> 104 | Q115: =M115+N115 -> 0 | R115: 25.72104 | S115: 44 | T115: 46321
A116: NPMD | B116: RHS 80x40 x 2.5 | C116: 62.560575 | D116: 63 | E116: =IF(C116>0,D116/C116,"") -> 1.007024 | F116: =IF(AND(C116=0,D116>0),"Plant only",IF(AND(D116=0,C116>0),"System only",IF(ABS(D116-C116)<=0.5,"Match",IF(D116>C116,"Plant more","Plant less")))) -> Match | G116: 62.560575 | H116: 0 | I116: 0 | J116: 0 | K116: =IF(C116>0,G116*E116,0) -> 63 | L116: =IF(C116>0,H116*E116,0) -> 0 | M116: =IF(C116>0,I116*E116,0) -> 0 | N116: =IF(C116>0,J116*E116,0) -> 0 | O116: =IF(C116>0,0,D116) -> 0 | P116: =SUM(K116:O116) -> 63 | Q116: =M116+N116 -> 0 | R116: 3.8571429 | S116: 4 | T116: 46321
A117: NPMD | B117: RHS 80x40 x 3 | C117: 28.722289 | D117: 29.6 | E117: =IF(C117>0,D117/C117,"") -> 1.0305585 | F117: =IF(AND(C117=0,D117>0),"Plant only",IF(AND(D117=0,C117>0),"System only",IF(ABS(D117-C117)<=0.5,"Match",IF(D117>C117,"Plant more","Plant less")))) -> Plant more | G117: 0 | H117: 28.722289 | I117: 0 | J117: 0 | K117: =IF(C117>0,G117*E117,0) -> 0 | L117: =IF(C117>0,H117*E117,0) -> 29.6 | M117: =IF(C117>0,I117*E117,0) -> 0 | N117: =IF(C117>0,J117*E117,0) -> 0 | O117: =IF(C117>0,0,D117) -> 0 | P117: =SUM(K117:O117) -> 29.6 | Q117: =M117+N117 -> 0 | R117: 46.766183 | S117: 48 | T117: 46278
A118: NPMD | B118: RHS 96x48 x 1.6 | C118: 19.777919 | D118: 20 | E118: =IF(C118>0,D118/C118,"") -> 1.0112288 | F118: =IF(AND(C118=0,D118>0),"Plant only",IF(AND(D118=0,C118>0),"System only",IF(ABS(D118-C118)<=0.5,"Match",IF(D118>C118,"Plant more","Plant less")))) -> Match | G118: 19.777919 | H118: 0 | I118: 0 | J118: 0 | K118: =IF(C118>0,G118*E118,0) -> 20 | L118: =IF(C118>0,H118*E118,0) -> 0 | M118: =IF(C118>0,I118*E118,0) -> 0 | N118: =IF(C118>0,J118*E118,0) -> 0 | O118: =IF(C118>0,0,D118) -> 0 | P118: =SUM(K118:O118) -> 20 | Q118: =M118+N118 -> 0 | R118: 13 | S118: 13 | T118: 46311
A119: NPMD | B119: RHS 96x48 x 2 | C119: 40.21808 | D119: 39.8 | E119: =IF(C119>0,D119/C119,"") -> 0.98960468 | F119: =IF(AND(C119=0,D119>0),"Plant only",IF(AND(D119=0,C119>0),"System only",IF(ABS(D119-C119)<=0.5,"Match",IF(D119>C119,"Plant more","Plant less")))) -> Match | G119: 40.21808 | H119: 0 | I119: 0 | J119: 0 | K119: =IF(C119>0,G119*E119,0) -> 39.8 | L119: =IF(C119>0,H119*E119,0) -> 0 | M119: =IF(C119>0,I119*E119,0) -> 0 | N119: =IF(C119>0,J119*E119,0) -> 0 | O119: =IF(C119>0,0,D119) -> 0 | P119: =SUM(K119:O119) -> 39.8 | Q119: =M119+N119 -> 0 | R119: 14.488457 | S119: 15 | T119: 46313
A120: NPMD | B120: RHS 96x48 x 3 | C120: 17.467374 | D120: 17.4 | E120: =IF(C120>0,D120/C120,"") -> 0.99614289 | F120: =IF(AND(C120=0,D120>0),"Plant only",IF(AND(D120=0,C120>0),"System only",IF(ABS(D120-C120)<=0.5,"Match",IF(D120>C120,"Plant more","Plant less")))) -> Match | G120: 17.467374 | H120: 0 | I120: 0 | J120: 0 | K120: =IF(C120>0,G120*E120,0) -> 17.4 | L120: =IF(C120>0,H120*E120,0) -> 0 | M120: =IF(C120>0,I120*E120,0) -> 0 | N120: =IF(C120>0,J120*E120,0) -> 0 | O120: =IF(C120>0,0,D120) -> 0 | P120: =SUM(K120:O120) -> 17.4 | Q120: =M120+N120 -> 0 | R120: 15.307874 | S120: 16 | T120: 46309
A121: Tapi | B121: SHS 40x40 x 2 | C121: 0.111864 | D121: 0 | E121: =IF(C121>0,D121/C121,"") -> 0 | F121: =IF(AND(C121=0,D121>0),"Plant only",IF(AND(D121=0,C121>0),"System only",IF(ABS(D121-C121)<=0.5,"Match",IF(D121>C121,"Plant more","Plant less")))) -> System only | G121: 0 | H121: 0.111864 | I121: 0 | J121: 0 | K121: =IF(C121>0,G121*E121,0) -> 0 | L121: =IF(C121>0,H121*E121,0) -> 0 | M121: =IF(C121>0,I121*E121,0) -> 0 | N121: =IF(C121>0,J121*E121,0) -> 0 | O121: =IF(C121>0,0,D121) -> 0 | P121: =SUM(K121:O121) -> 0 | Q121: =M121+N121 -> 0 | R121: 40 | S121: 40 | T121: 46284
... A129: Tapi | B129: SHS 60x60 x 5 | C129: 23.10726 | D129: 23 | E129: =IF(C129>0,D129/C129,"") -> 0.99535817 | F129: =IF(AND(C129=0,D129>0),"Plant only",IF(AND(D129=0,C129>0),"System only",IF(ABS(D129-C129)<=0.5,"Match",IF(D129>C129,"Plant more","Plant less")))) -> Match | G129: 23.10726 | H129: 0 | I129: 0 | J129: 0 | K129: =IF(C129>0,G129*E129,0) -> 23 | L129: =IF(C129>0,H129*E129,0) -> 0 | M129: =IF(C129>0,I129*E129,0) -> 0 | N129: =IF(C129>0,J129*E129,0) -> 0 | O129: =IF(C129>0,0,D129) -> 0 | P129: =SUM(K129:O129) -> 23 | Q129: =M129+N129 -> 0 | R129: 1.3811659 | S129: 2 | T129: 46323
A130: Tapi | B130: SHS 72x72 x 2 | C130: 0 | D130: 26 | E130: =IF(C130>0,D130/C130,"") | F130: =IF(AND(C130=0,D130>0),"Plant only",IF(AND(D130=0,C130>0),"System only",IF(ABS(D130-C130)<=0.5,"Match",IF(D130>C130,"Plant more","Plant less")))) -> Plant only | G130: 0 | H130: 0 | I130: 0 | J130: 0 | K130: =IF(C130>0,G130*E130,0) -> 0 | L130: =IF(C130>0,H130*E130,0) -> 0 | M130: =IF(C130>0,I130*E130,0) -> 0 | N130: =IF(C130>0,J130*E130,0) -> 0 | O130: =IF(C130>0,0,D130) -> 26 | P130: =SUM(K130:O130) -> 26 | Q130: =M130+N130 -> 0 | T130: 46316
A131: Tapi | B131: SHS 72x72 x 2.5 | C131: 31.238791 | D131: 29 | E131: =IF(C131>0,D131/C131,"") -> 0.92833298 | F131: =IF(AND(C131=0,D131>0),"Plant only",IF(AND(D131=0,C131>0),"System only",IF(ABS(D131-C131)<=0.5,"Match",IF(D131>C131,"Plant more","Plant less")))) -> Plant less | G131: 31.238791 | H131: 0 | I131: 0 | J131: 0 | K131: =IF(C131>0,G131*E131,0) -> 29 | L131: =IF(C131>0,H131*E131,0) -> 0 | M131: =IF(C131>0,I131*E131,0) -> 0 | N131: =IF(C131>0,J131*E131,0) -> 0 | O131: =IF(C131>0,0,D131) -> 0 | P131: =SUM(K131:O131) -> 29 | Q131: =M131+N131 -> 0 | R131: 8 | S131: 8 | T131: 46316
A132: Tapi | B132: SHS 72x72 x 3 | C132: 0 | D132: 2 | E132: =IF(C132>0,D132/C132,"") | F132: =IF(AND(C132=0,D132>0),"Plant only",IF(AND(D132=0,C132>0),"System only",IF(ABS(D132-C132)<=0.5,"Match",IF(D132>C132,"Plant more","Plant less")))) -> Plant only | G132: 0 | H132: 0 | I132: 0 | J132: 0 | K132: =IF(C132>0,G132*E132,0) -> 0 | L132: =IF(C132>0,H132*E132,0) -> 0 | M132: =IF(C132>0,I132*E132,0) -> 0 | N132: =IF(C132>0,J132*E132,0) -> 0 | O132: =IF(C132>0,0,D132) -> 2 | P132: =SUM(K132:O132) -> 2 | Q132: =M132+N132 -> 0 | T132: 46316
A133: Tapi | B133: SHS 72x72 x 4 | C133: 0 | D133: 14 | E133: =IF(C133>0,D133/C133,"") | F133: =IF(AND(C133=0,D133>0),"Plant only",IF(AND(D133=0,C133>0),"System only",IF(ABS(D133-C133)<=0.5,"Match",IF(D133>C133,"Plant more","Plant less")))) -> Plant only | G133: 0 | H133: 0 | I133: 0 | J133: 0 | K133: =IF(C133>0,G133*E133,0) -> 0 | L133: =IF(C133>0,H133*E133,0) -> 0 | M133: =IF(C133>0,I133*E133,0) -> 0 | N133: =IF(C133>0,J133*E133,0) -> 0 | O133: =IF(C133>0,0,D133) -> 14 | P133: =SUM(K133:O133) -> 14 | Q133: =M133+N133 -> 0 | T133: 46261
A134: Tapi | B134: SHS 72x72 x 5 | C134: 4.494248 | D134: 0 | E134: =IF(C134>0,D134/C134,"") -> 0 | F134: =IF(AND(C134=0,D134>0),"Plant only",IF(AND(D134=0,C134>0),"System only",IF(ABS(D134-C134)<=0.5,"Match",IF(D134>C134,"Plant more","Plant less")))) -> System only | G134: 0 | H134: 0 | I134: 4.494248 | J134: 0 | K134: =IF(C134>0,G134*E134,0) -> 0 | L134: =IF(C134>0,H134*E134,0) -> 0 | M134: =IF(C134>0,I134*E134,0) -> 0 | N134: =IF(C134>0,J134*E134,0) -> 0 | O134: =IF(C134>0,0,D134) -> 0 | P134: =SUM(K134:O134) -> 0 | Q134: =M134+N134 -> 0 | R134: 63 | S134: 63 | T134: 46261
A135: Tapi | B135: SHS 80x80 x 4 | C135: 0 | D135: 5 | E135: =IF(C135>0,D135/C135,"") | F135: =IF(AND(C135=0,D135>0),"Plant only",IF(AND(D135=0,C135>0),"System only",IF(ABS(D135-C135)<=0.5,"Match",IF(D135>C135,"Plant more","Plant less")))) -> Plant only | G135: 0 | H135: 0 | I135: 0 | J135: 0 | K135: =IF(C135>0,G135*E135,0) -> 0 | L135: =IF(C135>0,H135*E135,0) -> 0 | M135: =IF(C135>0,I135*E135,0) -> 0 | N135: =IF(C135>0,J135*E135,0) -> 0 | O135: =IF(C135>0,0,D135) -> 5 | P135: =SUM(K135:O135) -> 5 | Q135: =M135+N135 -> 0 | T135: 46321
A136: Tapi | B136: SHS 80x80 x 5 | C136: 5.0504 | D136: 5 | E136: =IF(C136>0,D136/C136,"") -> 0.99002059 | F136: =IF(AND(C136=0,D136>0),"Plant only",IF(AND(D136=0,C136>0),"System only",IF(ABS(D136-C136)<=0.5,"Match",IF(D136>C136,"Plant more","Plant less")))) -> Match | G136: 5.0504 | H136: 0 | I136: 0 | J136: 0 | K136: =IF(C136>0,G136*E136,0) -> 5 | L136: =IF(C136>0,H136*E136,0) -> 0 | M136: =IF(C136>0,I136*E136,0) -> 0 | N136: =IF(C136>0,J136*E136,0) -> 0 | O136: =IF(C136>0,0,D136) -> 0 | P136: =SUM(K136:O136) -> 5 | Q136: =M136+N136 -> 0 | R136: 3 | S136: 3 | T136: 46321
A137: Tapi | B137: SHS 100x100 x 2 | C137: 24.830134 | D137: 23 | E137: =IF(C137>0,D137/C137,"") -> 0.92629382 | F137: =IF(AND(C137=0,D137>0),"Plant only",IF(AND(D137=0,C137>0),"System only",IF(ABS(D137-C137)<=0.5,"Match",IF(D137>C137,"Plant more","Plant less")))) -> Plant less | G137: 24.830134 | H137: 0 | I137: 0 | J137: 0 | K137: =IF(C137>0,G137*E137,0) -> 23 | L137: =IF(C137>0,H137*E137,0) -> 0 | M137: =IF(C137>0,I137*E137,0) -> 0 | N137: =IF(C137>0,J137*E137,0) -> 0 | O137: =IF(C137>0,0,D137) -> 0 | P137: =SUM(K137:O137) -> 23 | Q137: =M137+N137 -> 0 | R137: 17 | S137: 17 | T137: 46307
...

Sheet SKU-wise all plants
A1: FG ageing calibrated - SKU-wise, all plants (29-Oct-2026)
A3: Size | B3: System FG (MT) | C3: Plant FG (MT) | D3: Calibrated 0-30 d | E3: Calibrated 31-60 d | F3: Calibrated 61-90 d | G3: Calibrated 90+ d | H3: Age unknown (not in system) | I3: Calibrated FG (MT) | J3: Calibrated over 60 d | K3: Hyderabad | L3: Lepakshi | M3: NPMD | N3: Tapi
A4: SHS 25x25 x 2 | B4: =SUMIF('Plant x size'!$B$5:$B$171,A4,'Plant x size'!$C$5:$C$171) -> 12.312758 | C4: =SUMIF('Plant x size'!$B$5:$B$171,A4,'Plant x size'!$D$5:$D$171) -> 13.749 | D4: =SUMIF('Plant x size'!$B$5:$B$171,A4,'Plant x size'!$K$5:$K$171) -> 11.749 | E4: =SUMIF('Plant x size'!$B$5:$B$171,A4,'Plant x size'!$L$5:$L$171) -> 0 | F4: =SUMIF('Plant x size'!$B$5:$B$171,A4,'Plant x size'!$M$5:$M$171) -> 0 | G4: =SUMIF('Plant x size'!$B$5:$B$171,A4,'Plant x size'!$N$5:$N$171) -> 0 | H4: =SUMIF('Plant x size'!$B$5:$B$171,A4,'Plant x size'!$O$5:$O$171) -> 2 | I4: =SUMIF('Plant x size'!$B$5:$B$171,A4,'Plant x size'!$P$5:$P$171) -> 13.749 | J4: =SUMIF('Plant x size'!$B$5:$B$171,A4,'Plant x size'!$Q$5:$Q$171) -> 0 | K4: =SUMIFS('Plant x size'!$P$5:$P$171,'Plant x size'!$B$5:$B$171,A4,'Plant x size'!$A$5:$A$171,"Hyderabad") -> 11.749 | L4: =SUMIFS('Plant x size'!$P$5:$P$171,'Plant x size'!$B$5:$B$171,A4,'Plant x size'!$A$5:$A$171,"Lepakshi") -> 2 | M4: =SUMIFS('Plant x size'!$P$5:$P$171,'Plant x size'!$B$5:$B$171,A4,'Plant x size'!$A$5:$A$171,"NPMD") -> 0 | N4: =SUMIFS('Plant x size'!$P$5:$P$171,'Plant x size'!$B$5:$B$171,A4,'Plant x size'!$A$5:$A$171,"Tapi") -> 0
A5: SHS 25x25 x 2.5 | B5: =SUMIF('Plant x size'!$B$5:$B$171,A5,'Plant x size'!$C$5:$C$171) -> 0 | C5: =SUMIF('Plant x size'!$B$5:$B$171,A5,'Plant x size'!$D$5:$D$171) -> 4 | D5: =SUMIF('Plant x size'!$B$5:$B$171,A5,'Plant x size'!$K$5:$K$171) -> 0 | E5: =SUMIF('Plant x size'!$B$5:$B$171,A5,'Plant x size'!$L$5:$L$171) -> 0 | F5: =SUMIF('Plant x size'!$B$5:$B$171,A5,'Plant x size'!$M$5:$M$171) -> 0 | G5: =SUMIF('Plant x size'!$B$5:$B$171,A5,'Plant x size'!$N$5:$N$171) -> 0 | H5: =SUMIF('Plant x size'!$B$5:$B$171,A5,'Plant x size'!$O$5:$O$171) -> 4 | I5: =SUMIF('Plant x size'!$B$5:$B$171,A5,'Plant x size'!$P$5:$P$171) -> 4 | J5: =SUMIF('Plant x size'!$B$5:$B$171,A5,'Plant x size'!$Q$5:$Q$171) -> 0 | K5: =SUMIFS('Plant x size'!$P$5:$P$171,'Plant x size'!$B$5:$B$171,A5,'Plant x size'!$A$5:$A$171,"Hyderabad") -> 0 | L5: =SUMIFS('Plant x size'!$P$5:$P$171,'Plant x size'!$B$5:$B$171,A5,'Plant x size'!$A$5:$A$171,"Lepakshi") -> 4 | M5: =SUMIFS('Plant x size'!$P$5:$P$171,'Plant x size'!$B$5:$B$171,A5,'Plant x size'!$A$5:$A$171,"NPMD") -> 0 | N5: =SUMIFS('Plant x size'!$P$5:$P$171,'Plant x size'!$B$5:$B$171,A5,'Plant x size'!$A$5:$A$171,"Tapi") -> 0
A6: SHS 25x25 x 3 | B6: =SUMIF('Plant x size'!$B$5:$B$171,A6,'Plant x size'!$C$5:$C$171) -> 0 | C6: =SUMIF('Plant x size'!$B$5:$B$171,A6,'Plant x size'!$D$5:$D$171) -> 3.589 | D6: =SUMIF('Plant x size'!$B$5:$B$171,A6,'Plant x size'!$K$5:$K$171) -> 0 | E6: =SUMIF('Plant x size'!$B$5:$B$171,A6,'Plant x size'!$L$5:$L$171) -> 0 | F6: =SUMIF('Plant x size'!$B$5:$B$171,A6,'Plant x size'!$M$5:$M$171) -> 0 | G6: =SUMIF('Plant x size'!$B$5:$B$171,A6,'Plant x size'!$N$5:$N$171) -> 0 | H6: =SUMIF('Plant x size'!$B$5:$B$171,A6,'Plant x size'!$O$5:$O$171) -> 3.589 | I6: =SUMIF('Plant x size'!$B$5:$B$171,A6,'Plant x size'!$P$5:$P$171) -> 3.589 | J6: =SUMIF('Plant x size'!$B$5:$B$171,A6,'Plant x size'!$Q$5:$Q$171) -> 0 | K6: =SUMIFS('Plant x size'!$P$5:$P$171,'Plant x size'!$B$5:$B$171,A6,'Plant x size'!$A$5:$A$171,"Hyderabad") -> 3.589 | L6: =SUMIFS('Plant x size'!$P$5:$P$171,'Plant x size'!$B$5:$B$171,A6,'Plant x size'!$A$5:$A$171,"Lepakshi") -> 0 | M6: =SUMIFS('Plant x size'!$P$5:$P$171,'Plant x size'!$B$5:$B$171,A6,'Plant x size'!$A$5:$A$171,"NPMD") -> 0 | N6: =SUMIFS('Plant x size'!$P$5:$P$171,'Plant x size'!$B$5:$B$171,A6,'Plant x size'!$A$5:$A$171,"Tapi") -> 0
A7: SHS 30x30 x 1.6 | B7: =SUMIF('Plant x size'!$B$5:$B$171,A7,'Plant x size'!$C$5:$C$171) -> 0.39890797 | C7: =SUMIF('Plant x size'!$B$5:$B$171,A7,'Plant x size'!$D$5:$D$171) -> 0 | D7: =SUMIF('Plant x size'!$B$5:$B$171,A7,'Plant x size'!$K$5:$K$171) -> 0 | E7: =SUMIF('Plant x size'!$B$5:$B$171,A7,'Plant x size'!$L$5:$L$171) -> 0 | F7: =SUMIF('Plant x size'!$B$5:$B$171,A7,'Plant x size'!$M$5:$M$171) -> 0 | G7: =SUMIF('Plant x size'!$B$5:$B$171,A7,'Plant x size'!$N$5:$N$171) -> 0 | H7: =SUMIF('Plant x size'!$B$5:$B$171,A7,'Plant x size'!$O$5:$O$171) -> 0 | I7: =SUMIF('Plant x size'!$B$5:$B$171,A7,'Plant x size'!$P$5:$P$171) -> 0 | J7: =SUMIF('Plant x size'!$B$5:$B$171,A7,'Plant x size'!$Q$5:$Q$171) -> 0 | K7: =SUMIFS('Plant x size'!$P$5:$P$171,'Plant x size'!$B$5:$B$171,A7,'Plant x size'!$A$5:$A$171,"Hyderabad") -> 0 | L7: =SUMIFS('Plant x size'!$P$5:$P$171,'Plant x size'!$B$5:$B$171,A7,'Plant x size'!$A$5:$A$171,"Lepakshi") -> 0 | M7: =SUMIFS('Plant x size'!$P$5:$P$171,'Plant x size'!$B$5:$B$171,A7,'Plant x size'!$A$5:$A$171,"NPMD") -> 0 | N7: =SUMIFS('Plant x size'!$P$5:$P$171,'Plant x size'!$B$5:$B$171,A7,'Plant x size'!$A$5:$A$171,"Tapi") -> 0
A8: SHS 30x30 x 2.5 | B8: =SUMIF('Plant x size'!$B$5:$B$171,A8,'Plant x size'!$C$5:$C$171) -> 3.4545625 | C8: =SUMIF('Plant x size'!$B$5:$B$171,A8,'Plant x size'!$D$5:$D$171) -> 3.03 | D8: =SUMIF('Plant x size'!$B$5:$B$171,A8,'Plant x size'!$K$5:$K$171) -> 0.89749134 | E8: =SUMIF('Plant x size'!$B$5:$B$171,A8,'Plant x size'!$L$5:$L$171) -> 0 | F8: =SUMIF('Plant x size'!$B$5:$B$171,A8,'Plant x size'!$M$5:$M$171) -> 0 | G8: =SUMIF('Plant x size'!$B$5:$B$171,A8,'Plant x size'!$N$5:$N$171) -> 2.1325087 | H8: =SUMIF('Plant x size'!$B$5:$B$171,A8,'Plant x size'!$O$5:$O$171) -> 0 | I8: =SUMIF('Plant x size'!$B$5:$B$171,A8,'Plant x size'!$P$5:$P$171) -> 3.03 | J8: =SUMIF('Plant x size'!$B$5:$B$171,A8,'Plant x size'!$Q$5:$Q$171) -> 2.1325087 | K8: =SUMIFS('Plant x size'!$P$5:$P$171,'Plant x size'!$B$5:$B$171,A8,'Plant x size'!$A$5:$A$171,"Hyderabad") -> 3.03 | L8: =SUMIFS('Plant x size'!$P$5:$P$171,'Plant x size'!$B$5:$B$171,A8,'Plant x size'!$A$5:$A$171,"Lepakshi") -> 0 | M8: =SUMIFS('Plant x size'!$P$5:$P$171,'Plant x size'!$B$5:$B$171,A8,'Plant x size'!$A$5:$A$171,"NPMD") -> 0 | N8: =SUMIFS('Plant x size'!$P$5:$P$171,'Plant x size'!$B$5:$B$171,A8,'Plant x size'!$A$5:$A$171,"Tapi") -> 0
A9: SHS 38x38 x 1.6 | B9: =SUMIF('Plant x size'!$B$5:$B$171,A9,'Plant x size'!$C$5:$C$171) -> 1.1760019 | C9: =SUMIF('Plant x size'!$B$5:$B$171,A9,'Plant x size'!$D$5:$D$171) -> 0 | D9: =SUMIF('Plant x size'!$B$5:$B$171,A9,'Plant x size'!$K$5:$K$171) -> 0 | E9: =SUMIF('Plant x size'!$B$5:$B$171,A9,'Plant x size'!$L$5:$L$171) -> 0 | F9: =SUMIF('Plant x size'!$B$5:$B$171,A9,'Plant x size'!$M$5:$M$171) -> 0 | G9: =SUMIF('Plant x size'!$B$5:$B$171,A9,'Plant x size'!$N$5:$N$171) -> 0 | H9: =SUMIF('Plant x size'!$B$5:$B$171,A9,'Plant x size'!$O$5:$O$171) -> 0 | I9: =SUMIF('Plant x size'!$B$5:$B$171,A9,'Plant x size'!$P$5:$P$171) -> 0 | J9: =SUMIF('Plant x size'!$B$5:$B$171,A9,'Plant x size'!$Q$5:$Q$171) -> 0 | K9: =SUMIFS('Plant x size'!$P$5:$P$171,'Plant x size'!$B$5:$B$171,A9,'Plant x size'!$A$5:$A$171,"Hyderabad") -> 0 | L9: =SUMIFS('Plant x size'!$P$5:$P$171,'Plant x size'!$B$5:$B$171,A9,'Plant x size'!$A$5:$A$171,"Lepakshi") -> 0 | M9: =SUMIFS('Plant x size'!$P$5:$P$171,'Plant x size'!$B$5:$B$171,A9,'Plant x size'!$A$5:$A$171,"NPMD") -> 0 | N9: =SUMIFS('Plant x size'!$P$5:$P$171,'Plant x size'!$B$5:$B$171,A9,'Plant x size'!$A$5:$A$171,"Tapi") -> 0
A10: SHS 38x38 x 2 | B10: =SUMIF('Plant x size'!$B$5:$B$171,A10,'Plant x size'!$C$5:$C$171) -> 31.99696 | C10: =SUMIF('Plant x size'!$B$5:$B$171,A10,'Plant x size'!$D$5:$D$171) -> 34.503 | D10: =SUMIF('Plant x size'!$B$5:$B$171,A10,'Plant x size'!$K$5:$K$171) -> 34.503 | E10: =SUMIF('Plant x size'!$B$5:$B$171,A10,'Plant x size'!$L$5:$L$171) -> 0 | F10: =SUMIF('Plant x size'!$B$5:$B$171,A10,'Plant x size'!$M$5:$M$171) -> 0 | G10: =SUMIF('Plant x size'!$B$5:$B$171,A10,'Plant x size'!$N$5:$N$171) -> 0 | H10: =SUMIF('Plant x size'!$B$5:$B$171,A10,'Plant x size'!$O$5:$O$171) -> 0 | I10: =SUMIF('Plant x size'!$B$5:$B$171,A10,'Plant x size'!$P$5:$P$171) -> 34.503 | J10: =SUMIF('Plant x size'!$B$5:$B$171,A10,'Plant x size'!$Q$5:$Q$171) -> 0 | K10: =SUMIFS('Plant x size'!$P$5:$P$171,'Plant x size'!$B$5:$B$171,A10,'Plant x size'!$A$5:$A$171,"Hyderabad") -> 34.503 | L10: =SUMIFS('Plant x size'!$P$5:$P$171,'Plant x size'!$B$5:$B$171,A10,'Plant x size'!$A$5:$A$171,"Lepakshi") -> 0 | M10: =SUMIFS('Plant x size'!$P$5:$P$171,'Plant x size'!$B$5:$B$171,A10,'Plant x size'!$A$5:$A$171,"NPMD") -> 0 | N10: =SUMIFS('Plant x size'!$P$5:$P$171,'Plant x size'!$B$5:$B$171,A10,'Plant x size'!$A$5:$A$171,"Tapi") -> 0
A11: SHS 38x38 x 2.5 | B11: =SUMIF('Plant x size'!$B$5:$B$171,A11,'Plant x size'!$C$5:$C$171) -> 23.161798 | C11: =SUMIF('Plant x size'!$B$5:$B$171,A11,'Plant x size'!$D$5:$D$171) -> 19.677 | D11: =SUMIF('Plant x size'!$B$5:$B$171,A11,'Plant x size'!$K$5:$K$171) -> 17.102609 | E11: =SUMIF('Plant x size'!$B$5:$B$171,A11,'Plant x size'!$L$5:$L$171) -> 2.5743912 | F11: =SUMIF('Plant x size'!$B$5:$B$171,A11,'Plant x size'!$M$5:$M$171) -> 0 | G11: =SUMIF('Plant x size'!$B$5:$B$171,A11,'Plant x size'!$N$5:$N$171) -> 0 | H11: =SUMIF('Plant x size'!$B$5:$B$171,A11,'Plant x size'!$O$5:$O$171) -> 0 | I11: =SUMIF('Plant x size'!$B$5:$B$171,A11,'Plant x size'!$P$5:$P$171) -> 19.677 | J11: =SUMIF('Plant x size'!$B$5:$B$171,A11,'Plant x size'!$Q$5:$Q$171) -> 0 | K11: =SUMIFS('Plant x size'!$P$5:$P$171,'Plant x size'!$B$5:$B$171,A11,'Plant x size'!$A$5:$A$171,"Hyderabad") -> 19.677 | L11: =SUMIFS('Plant x size'!$P$5:$P$171,'Plant x size'!$B$5:$B$171,A11,'Plant x size'!$A$5:$A$171,"Lepakshi") -> 0 | M11: =SUMIFS('Plant x size'!$P$5:$P$171,'Plant x size'!$B$5:$B$171,A11,'Plant x size'!$A$5:$A$171,"NPMD") -> 0 | N11: =SUMIFS('Plant x size'!$P$5:$P$171,'Plant x size'!$B$5:$B$171,A11,'Plant x size'!$A$5:$A$171,"Tapi") -> 0
A12: SHS 38x38 x 3 | B12: =SUMIF('Plant x size'!$B$5:$B$171,A12,'Plant x size'!$C$5:$C$171) -> 8.1270124 | C12: =SUMIF('Plant x size'!$B$5:$B$171,A12,'Plant x size'!$D$5:$D$171) -> 13.237 | D12: =SUMIF('Plant x size'!$B$5:$B$171,A12,'Plant x size'!$K$5:$K$171) -> 0 | E12: =SUMIF('Plant x size'!$B$5:$B$171,A12,'Plant x size'!$L$5:$L$171) -> 13.237 | F12: =SUMIF('Plant x size'!$B$5:$B$171,A12,'Plant x size'!$M$5:$M$171) -> 0 | G12: =SUMIF('Plant x size'!$B$5:$B$171,A12,'Plant x size'!$N$5:$N$171) -> 0 | H12: =SUMIF('Plant x size'!$B$5:$B$171,A12,'Plant x size'!$O$5:$O$171) -> 0 | I12: =SUMIF('Plant x size'!$B$5:$B$171,A12,'Plant x size'!$P$5:$P$171) -> 13.237 | J12: =SUMIF('Plant x size'!$B$5:$B$171,A12,'Plant x size'!$Q$5:$Q$171) -> 0 | K12: =SUMIFS('Plant x size'!$P$5:$P$171,'Plant x size'!$B$5:$B$171,A12,'Plant x size'!$A$5:$A$171,"Hyderabad") -> 13.237 | L12: =SUMIFS('Plant x size'!$P$5:$P$171,'Plant x size'!$B$5:$B$171,A12,'Plant x size'!$A$5:$A$171,"Lepakshi") -> 0 | M12: =SUMIFS('Plant x size'!$P$5:$P$171,'Plant x size'!$B$5:$B$171,A12,'Plant x size'!$A$5:$A$171,"NPMD") -> 0 | N12: =SUMIFS('Plant x size'!$P$5:$P$171,'Plant x size'!$B$5:$B$171,A12,'Plant x size'!$A$5:$A$171,"Tapi") -> 0
A13: SHS 38x38 x 4 | B13: =SUMIF('Plant x size'!$B$5:$B$171,A13,'Plant x size'!$C$5:$C$171) -> 0.062 | C13: =SUMIF('Plant x size'!$B$5:$B$171,A13,'Plant x size'!$D$5:$D$171) -> 0 | D13: =SUMIF('Plant x size'!$B$5:$B$171,A13,'Plant x size'!$K$5:$K$171) -> 0 | E13: =SUMIF('Plant x size'!$B$5:$B$171,A13,'Plant x size'!$L$5:$L$171) -> 0 | F13: =SUMIF('Plant x size'!$B$5:$B$171,A13,'Plant x size'!$M$5:$M$171) -> 0 | G13: =SUMIF('Plant x size'!$B$5:$B$171,A13,'Plant x size'!$N$5:$N$171) -> 0 | H13: =SUMIF('Plant x size'!$B$5:$B$171,A13,'Plant x size'!$O$5:$O$171) -> 0 | I13: =SUMIF('Plant x size'!$B$5:$B$171,A13,'Plant x size'!$P$5:$P$171) -> 0 | J13: =SUMIF('Plant x size'!$B$5:$B$171,A13,'Plant x size'!$Q$5:$Q$171) -> 0 | K13: =SUMIFS('Plant x size'!$P$5:$P$171,'Plant x size'!$B$5:$B$171,A13,'Plant x size'!$A$5:$A$171,"Hyderabad") -> 0 | L13: =SUMIFS('Plant x size'!$P$5:$P$171,'Plant x size'!$B$5:$B$171,A13,'Plant x size'!$A$5:$A$171,"Lepakshi") -> 0 | M13: =SUMIFS('Plant x size'!$P$5:$P$171,'Plant x size'!$B$5:$B$171,A13,'Plant x size'!$A$5:$A$171,"NPMD") -> 0 | N13: =SUMIFS('Plant x size'!$P$5:$P$171,'Plant x size'!$B$5:$B$171,A13,'Plant x size'!$A$5:$A$171,"Tapi") -> 0
A14: SHS 40x40 x 2 | B14: =SUMIF('Plant x size'!$B$5:$B$171,A14,'Plant x size'!$C$5:$C$171) -> 5.6647888 | C14: =SUMIF('Plant x size'!$B$5:$B$171,A14,'Plant x size'!$D$5:$D$171) -> 2.4 | D14: =SUMIF('Plant x size'!$B$5:$B$171,A14,'Plant x size'!$K$5:$K$171) -> 2.4 | E14: =SUMIF('Plant x size'!$B$5:$B$171,A14,'Plant x size'!$L$5:$L$171) -> 0 | F14: =SUMIF('Plant x size'!$B$5:$B$171,A14,'Plant x size'!$M$5:$M$171) -> 0 | G14: =SUMIF('Plant x size'!$B$5:$B$171,A14,'Plant x size'!$N$5:$N$171) -> 0 | H14: =SUMIF('Plant x size'!$B$5:$B$171,A14,'Plant x size'!$O$5:$O$171) -> 0 | I14: =SUMIF('Plant x size'!$B$5:$B$171,A14,'Plant x size'!$P$5:$P$171) -> 2.4 | J14: =SUMIF('Plant x size'!$B$5:$B$171,A14,'Plant x size'!$Q$5:$Q$171) -> 0 | K14: =SUMIFS('Plant x size'!$P$5:$P$171,'Plant x size'!$B$5:$B$171,A14,'Plant x size'!$A$5:$A$171,"Hyderabad") -> 0 | L14: =SUMIFS('Plant x size'!$P$5:$P$171,'Plant x size'!$B$5:$B$171,A14,'Plant x size'!$A$5:$A$171,"Lepakshi") -> 2.4 | M14: =SUMIFS('Plant x size'!$P$5:$P$171,'Plant x size'!$B$5:$B$171,A14,'Plant x size'!$A$5:$A$171,"NPMD") -> 0 | N14: =SUMIFS('Plant x size'!$P$5:$P$171,'Plant x size'!$B$5:$B$171,A14,'Plant x size'!$A$5:$A$171,"Tapi") -> 0
A15: SHS 40x40 x 2.5 | B15: =SUMIF('Plant x size'!$B$5:$B$171,A15,'Plant x size'!$C$5:$C$171) -> 6.5123125 | C15: =SUMIF('Plant x size'!$B$5:$B$171,A15,'Plant x size'!$D$5:$D$171) -> 0 | D15: =SUMIF('Plant x size'!$B$5:$B$171,A15,'Plant x size'!$K$5:$K$171) -> 0 | E15: =SUMIF('Plant x size'!$B$5:$B$171,A15,'Plant x size'!$L$5:$L$171) -> 0 | F15: =SUMIF('Plant x size'!$B$5:$B$171,A15,'Plant x size'!$M$5:$M$171) -> 0 | G15: =SUMIF('Plant x size'!$B$5:$B$171,A15,'Plant x size'!$N$5:$N$171) -> 0 | H15: =SUMIF('Plant x size'!$B$5:$B$171,A15,'Plant x size'!$O$5:$O$171) -> 0 | I15: =SUMIF('Plant x size'!$B$5:$B$171,A15,'Plant x size'!$P$5:$P$171) -> 0 | J15: =SUMIF('Plant x size'!$B$5:$B$171,A15,'Plant x size'!$Q$5:$Q$171) -> 0 | K15: =SUMIFS('Plant x size'!$P$5:$P$171,'Plant x size'!$B$5:$B$171,A15,'Plant x size'!$A$5:$A$171,"Hyderabad") -> 0 | L15: =SUMIFS('Plant x size'!$P$5:$P$171,'Plant x size'!$B$5:$B$171,A15,'Plant x size'!$A$5:$A$171,"Lepakshi") -> 0 | M15: =SUMIFS('Plant x size'!$P$5:$P$171,'Plant x size'!$B$5:$B$171,A15,'Plant x size'!$A$5:$A$171,"NPMD") -> 0 | N15: =SUMIFS('Plant x size'!$P$5:$P$171,'Plant x size'!$B$5:$B$171,A15,'Plant x size'!$A$5:$A$171,"Tapi") -> 0
... A118: CHS 80 NB x 4 | B118: =SUMIF('Plant x size'!$B$5:$B$171,A118,'Plant x size'!$C$5:$C$171) -> 19.5961 | C118: =SUMIF('Plant x size'!$B$5:$B$171,A118,'Plant x size'!$D$5:$D$171) -> 19.762 | D118: =SUMIF('Plant x size'!$B$5:$B$171,A118,'Plant x size'!$K$5:$K$171) -> 19.762 | E118: =SUMIF('Plant x size'!$B$5:$B$171,A118,'Plant x size'!$L$5:$L$171) -> 0 | F118: =SUMIF('Plant x size'!$B$5:$B$171,A118,'Plant x size'!$M$5:$M$171) -> 0 | G118: =SUMIF('Plant x size'!$B$5:$B$171,A118,'Plant x size'!$N$5:$N$171) -> 0 | H118: =SUMIF('Plant x size'!$B$5:$B$171,A118,'Plant x size'!$O$5:$O$171) -> 0 | I118: =SUMIF('Plant x size'!$B$5:$B$171,A118,'Plant x size'!$P$5:$P$171) -> 19.762 | J118: =SUMIF('Plant x size'!$B$5:$B$171,A118,'Plant x size'!$Q$5:$Q$171) -> 0 | K118: =SUMIFS('Plant x size'!$P$5:$P$171,'Plant x size'!$B$5:$B$171,A118,'Plant x size'!$A$5:$A$171,"Hyderabad") -> 19.762 | L118: =SUMIFS('Plant x size'!$P$5:$P$171,'Plant x size'!$B$5:$B$171,A118,'Plant x size'!$A$5:$A$171,"Lepakshi") -> 0 | M118: =SUMIFS('Plant x size'!$P$5:$P$171,'Plant x size'!$B$5:$B$171,A118,'Plant x size'!$A$5:$A$171,"NPMD") -> 0 | N118: =SUMIFS('Plant x size'!$P$5:$P$171,'Plant x size'!$B$5:$B$171,A118,'Plant x size'!$A$5:$A$171,"Tapi") -> 0
A119: Total (follows the filter) | B119: =SUBTOTAL(9,B4:B118) -> 2573.4966 | C119: =SUBTOTAL(9,C4:C118) -> 2630.732 | D119: =SUBTOTAL(9,D4:D118) -> 1997.1604 | E119: =SUBTOTAL(9,E4:E118) -> 315.05159 | F119: =SUBTOTAL(9,F4:F118) -> 14.464 | G119: =SUBTOTAL(9,G4:G118) -> 205.72501 | H119: =SUBTOTAL(9,H4:H118) -> 98.331 | I119: =SUBTOTAL(9,I4:I118) -> 2630.732 | ... N119: =SUBTOTAL(9,N4:N118) -> 827
