Workbook

Sheet Summary by plant
A1: Finished stock over 30 days, by plant (MT) - 29-Oct-2026
A3: Plant | B3: Sells to | C3: SKUs | D3: Over 30 days | E3: 31-60 days | F3: 61-90 days | G3: 90+ days | H3: Over 60 days
A4: Hyderabad | B4: South | C4: =COUNTIF('Over 30 days'!$B$5:$B$54,A4) -> 33 | D4: =SUMIF('Over 30 days'!$B$5:$B$54,A4,'Over 30 days'!$E$5:$E$54) -> 309.42448 | E4: =SUMIF('Over 30 days'!$B$5:$B$54,A4,'Over 30 days'!$F$5:$F$54) -> 89.235477 | F4: =SUMIF('Over 30 days'!$B$5:$B$54,A4,'Over 30 days'!$G$5:$G$54) -> 14.464 | G4: =SUMIF('Over 30 days'!$B$5:$B$54,A4,'Over 30 days'!$H$5:$H$54) -> 205.72501 | H4: =F4+G4 -> 220.18901
A5: NPMD | B5: West | C5: =COUNTIF('Over 30 days'!$B$5:$B$54,A5) -> 5 | D5: =SUMIF('Over 30 days'!$B$5:$B$54,A5,'Over 30 days'!$E$5:$E$54) -> 121.05607 | E5: =SUMIF('Over 30 days'!$B$5:$B$54,A5,'Over 30 days'!$F$5:$F$54) -> 121.05607 | F5: =SUMIF('Over 30 days'!$B$5:$B$54,A5,'Over 30 days'!$G$5:$G$54) -> 0 | G5: =SUMIF('Over 30 days'!$B$5:$B$54,A5,'Over 30 days'!$H$5:$H$54) -> 0 | H5: =F5+G5 -> 0
A6: Lepakshi | B6: South | C6: =COUNTIF('Over 30 days'!$B$5:$B$54,A6) -> 5 | D6: =SUMIF('Over 30 days'!$B$5:$B$54,A6,'Over 30 days'!$E$5:$E$54) -> 80.1 | E6: =SUMIF('Over 30 days'!$B$5:$B$54,A6,'Over 30 days'!$F$5:$F$54) -> 80.1 | F6: =SUMIF('Over 30 days'!$B$5:$B$54,A6,'Over 30 days'!$G$5:$G$54) -> 0 | G6: =SUMIF('Over 30 days'!$B$5:$B$54,A6,'Over 30 days'!$H$5:$H$54) -> 0 | H6: =F6+G6 -> 0
A7: Tapi | B7: West | C7: =COUNTIF('Over 30 days'!$B$5:$B$54,A7) -> 7 | D7: =SUMIF('Over 30 days'!$B$5:$B$54,A7,'Over 30 days'!$E$5:$E$54) -> 24.660049 | E7: =SUMIF('Over 30 days'!$B$5:$B$54,A7,'Over 30 days'!$F$5:$F$54) -> 24.660049 | F7: =SUMIF('Over 30 days'!$B$5:$B$54,A7,'Over 30 days'!$G$5:$G$54) -> 0 | G7: =SUMIF('Over 30 days'!$B$5:$B$54,A7,'Over 30 days'!$H$5:$H$54) -> 0 | H7: =F7+G7 -> 0
A8: Total | C8: =SUM(C4:C7) -> 50 | D8: =SUM(D4:D7) -> 535.2406 | E8: =SUM(E4:E7) -> 315.05159 | F8: =SUM(F4:F7) -> 14.464 | G8: =SUM(G4:G7) -> 205.72501 | H8: =SUM(H4:H7) -> 220.18901

Sheet Over 30 days
A1: JSW Pipes & Tubes - finished stock older than 30 days, by plant and SKU (reconciled to plant FG statements)
A2: As of 29-Oct-2026 · stock per SKU = plant FG statement of 29-Oct, age split from system production dates (FIFO) · 29-Oct invoices not counted · MT
A4: Priority | B4: Plant | C4: Sells to | D4: SKU | E4: Over 30 days (MT) | F4: 31-60 days (MT) | G4: 61-90 days (MT) | H4: 90+ days (MT) | I4: Oldest batch (days) | J4: Total FG of this SKU at the plant (MT)
A5: P1: oldest batch over 90 days | B5: Hyderabad | C5: South | D5: CHS 80 NB x 2.5 | E5: =SUM(F5:H5) -> 29.065013 | F5: 0 | G5: 0 | H5: 29.065013 | I5: 114 | J5: 33.383
A6: P1: oldest batch over 90 days | B6: Hyderabad | C6: South | D6: CHS 50 NB x 2 | E6: =SUM(F6:H6) -> 27.325 | F6: 0 | G6: 0 | H6: 27.325 | I6: 128 | J6: 27.325
A7: P1: oldest batch over 90 days | B7: Hyderabad | C7: South | D7: CHS 40 NB x 2 | E7: =SUM(F7:H7) -> 25.549 | F7: 21.290348 | G7: 0 | H7: 4.2586524 | I7: 104 | J7: 25.549
A8: P1: oldest batch over 90 days | B8: Hyderabad | C8: South | D8: CHS 32 NB x 2.5 | E8: =SUM(F8:H8) -> 20.870117 | F8: 0 | G8: 0 | H8: 20.870117 | I8: 111 | J8: 25.051
A9: P1: oldest batch over 90 days | B9: Hyderabad | C9: South | D9: RHS 75x25 x 3 | E9: =SUM(F9:H9) -> 18.573 | F9: 0 | G9: 0 | H9: 18.573 | I9: 189 | J9: 18.573
A10: P1: oldest batch over 90 days | B10: Hyderabad | C10: South | D10: CHS 80 NB x 2 | E10: =SUM(F10:H10) -> 17.065 | F10: 0 | G10: 0 | H10: 17.065 | I10: 114 | J10: 17.065
A11: P1: oldest batch over 90 days | B11: Hyderabad | C11: South | D11: CHS 80 NB x 1.6 | E11: =SUM(F11:H11) -> 15.096 | F11: 0 | G11: 0 | H11: 15.096 | I11: 113 | J11: 15.096
A12: P1: oldest batch over 90 days | B12: Hyderabad | C12: South | D12: CHS 50 NB x 2.5 | E12: =SUM(F12:H12) -> 12.48 | F12: 0 | G12: 0 | H12: 12.48 | I12: 127 | J12: 12.48
A13: P1: oldest batch over 90 days | B13: Hyderabad | C13: South | D13: RHS 75x25 x 2 | E13: =SUM(F13:H13) -> 9.983 | F13: 0 | G13: 0 | H13: 9.983 | I13: 187 | J13: 9.983
A14: P1: oldest batch over 90 days | B14: Hyderabad | C14: South | D14: CHS 20 NB x 1.6 | E14: =SUM(F14:H14) -> 9.7046473 | F14: 0 | G14: 0 | H14: 9.7046473 | I14: 99 | J14: 18.327
A15: P1: oldest batch over 90 days | B15: Hyderabad | C15: South | D15: CHS 80 NB x 3 | E15: =SUM(F15:H15) -> 9.5227411 | F15: 0 | G15: 0 | H15: 9.5227411 | I15: 91 | J15: 12.496
A16: P1: oldest batch over 90 days | B16: Hyderabad | C16: South | D16: CHS 65 NB x 2.5 | E16: =SUM(F16:H16) -> 9.126 | F16: 0 | G16: 0 | H16: 9.126 | I16: 123 | J16: 9.126
... A54: P3: 31-60 days | B54: Tapi | C54: West | D54: SHS 100x100 x 5 | E54: =SUM(F54:H54) -> 0.025891123 | F54: 0.025891123 | G54: 0 | H54: 0 | I54: 60 | J54: 20
D55: Total (follows the filter) | E55: =SUBTOTAL(9,E5:E54) -> 535.2406 | F55: =SUBTOTAL(9,F5:F54) -> 315.05159 | G55: =SUBTOTAL(9,G5:G54) -> 14.464 | H55: =SUBTOTAL(9,H5:H54) -> 205.72501 | J55: =SUBTOTAL(9,J5:J54) -> 881.056
A57: Notes
A58: Priority is set by the age of the oldest batch: P1 over 90 days, P2 61-90, P3 31-60.
A59: Stock per SKU is each plant's own FG statement of 29-Oct; the age split is the system's first-in-first-out ageing of that SKU, scaled to the plant figure.
A60: Thickness is grouped to 1.6 / 2 / 2.5 / 3 / 4 / 5 / 6 mm. Stock the plants hold but the system has no production record for is not aged and not listed.
A61: Sells to: Hyderabad and Lepakshi serve South distributors; NPMD and Tapi serve West. Use the filter arrows to pick a plant, region or priority.
A62: Figures come from the plants' statements and the system. Please check availability with the plant before committing quantities.
