Workbook

Sheet Summary
A1: Hyderabad FG - plant sheet vs system (29-Oct-2026)
A2: Totals (MT)
A3: Plant sheet Grand Total (as printed) | B3: 649.586 | C3: From the sheet
A4: Plant sheet, sum of the 55 visible rows | B4: 643.432 | C4: Typed from the sheet image
A5: Difference: rows hidden or filtered on the sheet | B5: =B3-B4 -> 6.154 | C5: Grand Total minus visible rows
A6: System FG on hand (sizes floored at 0) | B6: 683.80736 | C6: Approved rules S2/S10, 2.8-3.2 counted as 3.0
A7: System produced since 28-Mar | B7: 6960.1 | C7: Tubes x SKU master weight per tube
A8: System invoiced | B8: 6323.554 | C8: Zoho invoice register (to 26-Oct for Hyderabad)
A9: System produced - invoiced | B9: =B7-B8 -> 636.54605
A10: Billed beyond production (sizes below 0) | B10: 47.261313 | C10: FG on hand - this = produced - invoiced
A11: Check: FG on hand - billed beyond = produced - invoiced (should be 0) | B11: =ROUND(B6-B10-B9,6) -> 0
A12: Plant Grand Total - system produced - invoiced | B12: =B3-B9 -> 13.039953 | C12: What remains once sizes are not floored
A14: Sizes by category | B14: Sizes | C14: Plant sheet FG | D14: System FG | E14: Difference | F14: Produced - invoiced
A15: Billed beyond production | B15: =COUNTIF('Not matching'!$A$5:$A$60,A15) -> 12 | C15: =SUMIF('Not matching'!$A$5:$A$60,A15,'Not matching'!$D$5:$D$60) -> 7.038 | D15: =SUMIF('Not matching'!$A$5:$A$60,A15,'Not matching'!$E$5:$E$60) -> 0 | E15: =D15-C15 -> -7.038 | F15: =SUMIF('Not matching'!$A$5:$A$60,A15,'Not matching'!$K$5:$K$60) -> -44.604635
A16: Not on plant sheet | B16: =COUNTIF('Not matching'!$A$5:$A$60,A16) -> 12 | C16: =SUMIF('Not matching'!$A$5:$A$60,A16,'Not matching'!$D$5:$D$60) -> 0 | D16: =SUMIF('Not matching'!$A$5:$A$60,A16,'Not matching'!$E$5:$E$60) -> 20.707418 | E16: =D16-C16 -> 20.707418 | F16: =SUMIF('Not matching'!$A$5:$A$60,A16,'Not matching'!$K$5:$K$60) -> 20.707418
A17: On plant sheet, system shows 0 | B17: =COUNTIF('Not matching'!$A$5:$A$60,A17) -> 1 | C17: =SUMIF('Not matching'!$A$5:$A$60,A17,'Not matching'!$D$5:$D$60) -> 1.693 | D17: =SUMIF('Not matching'!$A$5:$A$60,A17,'Not matching'!$E$5:$E$60) -> 0 | E17: =D17-C17 -> -1.693 | F17: =SUMIF('Not matching'!$A$5:$A$60,A17,'Not matching'!$K$5:$K$60) -> -0.2263025
A18: System higher | B18: =COUNTIF('Not matching'!$A$5:$A$60,A18) -> 20 | C18: =SUMIF('Not matching'!$A$5:$A$60,A18,'Not matching'!$D$5:$D$60) -> 332.695 | D18: =SUMIF('Not matching'!$A$5:$A$60,A18,'Not matching'!$E$5:$E$60) -> 386.3195 | E18: =D18-C18 -> 53.624504 | F18: =SUMIF('Not matching'!$A$5:$A$60,A18,'Not matching'!$K$5:$K$60) -> 386.3195
A19: Plant higher | B19: =COUNTIF('Not matching'!$A$5:$A$60,A19) -> 11 | C19: =SUMIF('Not matching'!$A$5:$A$60,A19,'Not matching'!$D$5:$D$60) -> 147.096 | D19: =SUMIF('Not matching'!$A$5:$A$60,A19,'Not matching'!$E$5:$E$60) -> 120.96748 | E19: =D19-C19 -> -26.128519 | F19: =SUMIF('Not matching'!$A$5:$A$60,A19,'Not matching'!$K$5:$K$60) -> 120.96748
A20: Matching within 0.5 MT, or nil on both sides (not listed) | B20: 39 | C20: 154.91 | D20: 155.81296 | E20: =D20-C20 -> 0.90295762 | F20: 153.38258
A21: All sizes | B21: =SUM(B15:B20) -> 95 | C21: =SUM(C15:C20) -> 643.432 | D21: =SUM(D15:D20) -> 683.80736 | E21: =D21-C21 -> 40.37536 | F21: =SUM(F15:F20) -> 636.54605
A23: Notes
A24: Plant sheet rows "25.4OD" are matched to the system's CHS 20 NB (the system has no 25.4 OD size; tonnages track closely at every thickness).
A25: Thickness 2.8, 2.9, 3.0 and 3.2 of the same size are counted as one size (3.0), as decided on 29-Oct; the "Thickness detail" sheet shows the codes underneath.
A26: System FG = produced minus invoiced at Hyderabad, per size, never below 0; invoices use up the oldest production first (approved Inventory Snapshot rules S1, S2, S10).
A27: Hyderabad has no invoice in the system dated after 26-Oct. Dispatches of 27-28 Oct, if any, are not yet in the figures.
A28: Production before tracking began (28-Mar-2026) is not in the system, so stock made before then and sold after shows as "billed beyond production".
A29: The plant sheet's 55 visible rows add up to 643.432 MT against its Grand Total of 649.586 MT; please check for hidden or filtered rows (6.154 MT).

Sheet Not matching
A1: Hyderabad FG - sizes where the plant sheet and the system do not match
A2: Plant sheet 29-Oct-2026 vs system as of 29-Oct (data to 28-Oct; invoices to 26-Oct). Thickness 2.8-3.2 counted as 3.0. Production and invoices are totals since tracking began (28-Mar-2026). MT unless stated.
A4: Category | B4: Size | C4: Section | D4: Plant sheet FG (MT) | E4: System FG (MT) | F4: Difference system - plant (MT) | G4: Produced (MT) | H4: Produced (tubes) | I4: Invoiced (MT) | J4: Invoiced (pieces) | K4: Produced - invoiced (MT) | L4: Produced - invoiced (pieces) | M4: System FG over 60 days (MT) | N4: First produced | O4: Last produced | P4: Last invoiced | Q4: What to check
A5: Billed beyond production | B5: 60X60X2.8 | C5: SHS | D5: 0 | E5: 0 | F5: =E5-D5 -> 0 | G5: 31.38111 | H5: 1040 | I5: 42.865 | J5: 1420 | K5: =G5-I5 -> -11.48389 | L5: =H5-J5 -> -380 | M5: 0 | N5: 46202 | O5: 46284 | P5: 46307 | Q5: More billed than produced under this code. Sold under this code but made under another code (or before tracking began, 28-Mar).
A6: Billed beyond production | B6: 80X40X1.6 | C6: RHS | D6: 0 | E6: 0 | F6: =E6-D6 -> 0 | G6: 126.32699 | H6: 7176 | I6: 133.895 | J6: 7607 | K6: =G6-I6 -> -7.5680071 | L6: =H6-J6 -> -431 | M6: 0 | N6: 46146 | O6: 46237 | P6: 46295 | Q6: More billed than produced under this code. Sold under this code but made under another code (or before tracking began, 28-Mar).
A7: Billed beyond production | B7: 15NBX1.6 | C7: CHS | D7: 0 | E7: 0 | F7: =E7-D7 -> 0 | G7: 28.482946 | H7: 6107 | I7: 34.16 | J7: 7324 | K7: =G7-I7 -> -5.6770539 | L7: =H7-J7 -> -1217 | M7: 0 | N7: 46226 | O7: 46293 | P7: 46319 | Q7: More billed than produced under this code. Sold under this code but made under another code (or before tracking began, 28-Mar).
A8: Billed beyond production | B8: 25NBX2.8 | C8: CHS | D8: 3.449 | E8: 0 | F8: =E8-D8 -> -3.449 | G8: 27.54 | H8: 2295 | I8: 32.175 | J8: 2545 | K8: =G8-I8 -> -4.635 | L8: =H8-J8 -> -250 | M8: 0 | N8: 46205 | O8: 46298 | P8: 46303 | Q8: More billed than produced under this code. Plant still holds stock: production likely entered under another code, or not entered.
A9: Billed beyond production | B9: 20X20X2 | C9: SHS | D9: 0 | E9: 0 | F9: =E9-D9 -> 0 | G9: 71.506843 | H9: 10543 | I9: 74.28 | J9: 10951 | K9: =G9-I9 -> -2.7731568 | L9: =H9-J9 -> -408 | M9: 0 | N9: 46179 | O9: 46280 | P9: 46310 | Q9: More billed than produced under this code. Sold under this code but made under another code (or before tracking began, 28-Mar).
A10: Billed beyond production | B10: 50NBX4 | C10: CHS | D10: 0 | E10: 0 | F10: =E10-D10 -> 0 | G10: 6.7488726 | H10: 274 | I10: 9.386 | J10: 381 | K10: =G10-I10 -> -2.6371274 | L10: =H10-J10 -> -107 | M10: 0 | N10: 46196 | O10: 46196 | P10: 46233 | Q10: More billed than produced under this code. Sold under this code but made under another code (or before tracking began, 28-Mar).
A11: Billed beyond production | B11: 40X20X1.6 | C11: RHS | D11: 0 | E11: 0 | F11: =E11-D11 -> 0 | G11: 52.700876 | H11: 6156 | I11: 55.063 | J11: 6432 | K11: =G11-I11 -> -2.3621242 | L11: =H11-J11 -> -276 | M11: 0 | N11: 46179 | O11: 46212 | P11: 46247 | Q11: More billed than produced under this code. Sold under this code but made under another code (or before tracking began, 28-Mar).
A12: Billed beyond production | B12: 100X50X2 | C12: RHS | D12: 0 | E12: 0 | F12: =E12-D12 -> 0 | G12: 225.635 | H12: 8203 | I12: 227.961 | J12: 8287 | K12: =G12-I12 -> -2.3260008 | L12: =H12-J12 -> -84 | M12: 0 | N12: 46156 | O12: 46311 | P12: 46317 | Q12: More billed than produced under this code. Sold under this code but made under another code (or before tracking began, 28-Mar).
A13: Billed beyond production | B13: 60X60X2 | C13: SHS | D13: 0 | E13: 0 | F13: =E13-D13 -> 0 | G13: 49.918 | H13: 2269 | I13: 52.215 | J13: 2374 | K13: =G13-I13 -> -2.297 | L13: =H13-J13 -> -105 | M13: 0 | N13: 46175 | O13: 46284 | P13: 46310 | Q13: More billed than produced under this code. Sold under this code but made under another code (or before tracking began, 28-Mar).
A14: Billed beyond production | B14: 25X25X1.2 | C14: SHS | D14: 0 | E14: 0 | F14: =E14-D14 -> 0 | G14: 24.735096 | H14: 4597 | I14: 26.3 | J14: 4887 | K14: =G14-I14 -> -1.5649037 | L14: =H14-J14 -> -290 | M14: 0 | N14: 46265 | O14: 46275 | P14: 46286 | Q14: More billed than produced under this code. Sold under this code but made under another code (or before tracking began, 28-Mar).
A15: Billed beyond production | B15: 25X25X2.5 | C15: SHS | D15: 0 | E15: 0 | F15: =E15-D15 -> 0 | G15: 80.41383 | H15: 7588 | I15: 81.107 | J15: 7654 | K15: =G15-I15 -> -0.69317 | L15: =H15-J15 -> -66 | M15: 0 | N15: 46133 | O15: 46275 | P15: 46286 | Q15: More billed than produced under this code. Sold under this code but made under another code (or before tracking began, 28-Mar).
A16: Billed beyond production | B16: 25X25X3 (2.8-3.2) | C16: SHS | D16: 3.589 | E16: 0 | F16: =E16-D16 -> -3.589 | G16: 41.907799 | H16: 3521 | I16: 42.495 | J16: 3587 | K16: =G16-I16 -> -0.58720115 | L16: =H16-J16 -> -66 | M16: 0 | N16: 46140 | O16: 46298 | P16: 46312 | Q16: More billed than produced under this code. Plant still holds stock: production likely entered under another code, or not entered.
... A60: Plant higher | B60: 25NBX2.5 | C60: CHS | D60: 1.04 | E60: 0.2765439 | F60: =E60-D60 -> -0.7634561 | G60: 28.461544 | H60: 2466 | I60: 28.185 | J60: 2441 | K60: =G60-I60 -> 0.2765439 | L60: =H60-J60 -> 25 | M60: 0 | N60: 46205 | O60: 46298 | P60: 46321 | Q60: Plant higher: production may be under-recorded, or this code was billed for stock made under another code.
B61: Total (follows the filter) | D61: =SUBTOTAL(9,D5:D60) -> 488.522 | E61: =SUBTOTAL(9,E5:E60) -> 527.9944 | F61: =SUBTOTAL(9,F5:F60) -> 39.472403 | G61: =SUBTOTAL(9,G5:G60) -> 4988.0925 | H61: =SUBTOTAL(9,H5:H60) -> 329006 | I61: =SUBTOTAL(9,I5:I60) -> 4504.929 | J61: =SUBTOTAL(9,J5:J60) -> 300038 | K61: =SUBTOTAL(9,K5:K60) -> 483.16347 | ... M61: =SUBTOTAL(9,M5:M60) -> 176.10471

Sheet Thickness detail
A1: Codes behind each listed size (before the 2.8-3.2 merge)
A2: Shows which exact thickness each tonne was produced and invoiced under. A negative "Produced - invoiced" means more was billed under that code than was produced under it.
A4: Size (as listed) | B4: Code thickness | C4: Plant sheet FG (MT) | D4: System FG (MT) | E4: Produced (MT) | F4: Produced (tubes) | G4: Invoiced (MT) | H4: Invoiced (pieces) | I4: Produced - invoiced (MT) | J4: Produced - invoiced (pieces)
A5: 60X60X2.8 | B5: 2.8 | C5: 0 | D5: 0 | E5: 31.38111 | F5: 1040 | G5: 42.865 | H5: 1420 | I5: =E5-G5 -> -11.48389 | J5: =F5-H5 -> -380
A6: 80X40X1.6 | B6: 1.6 | C6: 0 | D6: 0 | E6: 126.32699 | F6: 7176 | G6: 133.895 | H6: 7607 | I6: =E6-G6 -> -7.5680071 | J6: =F6-H6 -> -431
A7: 15NBX1.6 | B7: 1.6 | C7: 0 | D7: 0 | E7: 28.482946 | F7: 6107 | G7: 34.16 | H7: 7324 | I7: =E7-G7 -> -5.6770539 | J7: =F7-H7 -> -1217
A8: 25NBX2.8 | B8: 2.8 | C8: 3.449 | D8: 0 | E8: 27.54 | F8: 2295 | G8: 32.175 | H8: 2545 | I8: =E8-G8 -> -4.635 | J8: =F8-H8 -> -250
A9: 20X20X2 | B9: 2 | C9: 0 | D9: 0 | E9: 71.506843 | F9: 10543 | G9: 74.28 | H9: 10951 | I9: =E9-G9 -> -2.7731568 | J9: =F9-H9 -> -408
A10: 50NBX4 | B10: 4 | C10: 0 | D10: 0 | E10: 6.7488726 | F10: 274 | G10: 9.386 | H10: 381 | I10: =E10-G10 -> -2.6371274 | J10: =F10-H10 -> -107
A11: 40X20X1.6 | B11: 1.6 | C11: 0 | D11: 0 | E11: 52.700876 | F11: 6156 | G11: 55.063 | H11: 6432 | I11: =E11-G11 -> -2.3621242 | J11: =F11-H11 -> -276
A12: 100X50X2 | B12: 2 | C12: 0 | D12: 0 | E12: 225.635 | F12: 8203 | G12: 227.961 | H12: 8287 | I12: =E12-G12 -> -2.3260008 | J12: =F12-H12 -> -84
A13: 60X60X2 | B13: 2 | C13: 0 | D13: 0 | E13: 49.918 | F13: 2269 | G13: 52.215 | H13: 2374 | I13: =E13-G13 -> -2.297 | J13: =F13-H13 -> -105
A14: 25X25X1.2 | B14: 1.2 | C14: 0 | D14: 0 | E14: 24.735096 | F14: 4597 | G14: 26.3 | H14: 4887 | I14: =E14-G14 -> -1.5649037 | J14: =F14-H14 -> -290
A15: 25X25X2.5 | B15: 2.5 | C15: 0 | D15: 0 | E15: 80.41383 | F15: 7588 | G15: 81.107 | H15: 7654 | I15: =E15-G15 -> -0.69317 | J15: =F15-H15 -> -66
A16: 25X25X3 (2.8-3.2) | B16: 2.8 | C16: 0 | D16: 0 | E16: 28.890899 | F16: 2467 | G16: 32.69 | H16: 2793 | I16: =E16-G16 -> -3.7991012 | J16: =F16-H16 -> -326
... A71: 25NBX2.5 | B71: 2.5 | C71: 1.04 | D71: 0.2765439 | E71: 28.461544 | F71: 2466 | G71: 28.185 | H71: 2441 | I71: =E71-G71 -> 0.2765439 | J71: =F71-H71 -> 25
