Workbook

Sheet Summary by plant
A1: Finished inventory ageing by plant (MT) - as of 29-Oct-2026
A2: Data up to 28-Oct. Current inventory and Over 60 days equal the Inventory Snapshot for the same date.
A4: Plant | B4: Sells to | C4: Sizes in stock | D4: Current inventory | E4: 0-30 days | F4: 31-60 days | G4: 61-90 days | H4: 90+ days | I4: Over 60 days | J4: % over 60 days | K4: Avg age (days) | L4: % 0-30 | M4: % 31-60 | N4: % 61-90 | O4: % 90+
A5: Hyderabad | B5: South | C5: =COUNTIF('All sizes'!$A$5:$A$172,A5) -> 81 | D5: =SUMIF('All sizes'!$A$5:$A$172,A5,'All sizes'!$D$5:$D$172) -> 895.2472 | E5: =SUMIF('All sizes'!$A$5:$A$172,A5,'All sizes'!$E$5:$E$172) -> 406.08263 | F5: =SUMIF('All sizes'!$A$5:$A$172,A5,'All sizes'!$F$5:$F$172) -> 198.91874 | G5: =SUMIF('All sizes'!$A$5:$A$172,A5,'All sizes'!$G$5:$G$172) -> 28.611667 | H5: =SUMIF('All sizes'!$A$5:$A$172,A5,'All sizes'!$H$5:$H$172) -> 261.63416 | I5: =G5+H5 -> 290.24583 | J5: =IF(D5>0,I5/D5,0) -> 0.32420747 | K5: =IF(D5>0,SUMPRODUCT(('All sizes'!$A$5:$A$172=A5)*'All sizes'!$D$5:$D$172*'All sizes'!$J$5:$J$172)/D5,0) -> 54.036362 | L5: =IF($D5>0,E5/$D5,0) -> 0.45359832 | M5: =IF($D5>0,F5/$D5,0) -> 0.22219421 | N5: =IF($D5>0,G5/$D5,0) -> 0.031959515 | O5: =IF($D5>0,H5/$D5,0) -> 0.29224795
A6: Lepakshi | B6: South | C6: =COUNTIF('All sizes'!$A$5:$A$172,A6) -> 24 | D6: =SUMIF('All sizes'!$A$5:$A$172,A6,'All sizes'!$D$5:$D$172) -> 350.18716 | E6: =SUMIF('All sizes'!$A$5:$A$172,A6,'All sizes'!$E$5:$E$172) -> 261.49627 | F6: =SUMIF('All sizes'!$A$5:$A$172,A6,'All sizes'!$F$5:$F$172) -> 88.690898 | G6: =SUMIF('All sizes'!$A$5:$A$172,A6,'All sizes'!$G$5:$G$172) -> 0 | H6: =SUMIF('All sizes'!$A$5:$A$172,A6,'All sizes'!$H$5:$H$172) -> 0 | I6: =G6+H6 -> 0 | J6: =IF(D6>0,I6/D6,0) -> 0 | K6: =IF(D6>0,SUMPRODUCT(('All sizes'!$A$5:$A$172=A6)*'All sizes'!$D$5:$D$172*'All sizes'!$J$5:$J$172)/D6,0) -> 22.262116 | L6: =IF($D6>0,E6/$D6,0) -> 0.74673287 | M6: =IF($D6>0,F6/$D6,0) -> 0.25326713 | N6: =IF($D6>0,G6/$D6,0) -> 0 | O6: =IF($D6>0,H6/$D6,0) -> 0
A7: NPMD | B7: West | C7: =COUNTIF('All sizes'!$A$5:$A$172,A7) -> 19 | D7: =SUMIF('All sizes'!$A$5:$A$172,A7,'All sizes'!$D$5:$D$172) -> 826.19214 | E7: =SUMIF('All sizes'!$A$5:$A$172,A7,'All sizes'!$E$5:$E$172) -> 678.40643 | F7: =SUMIF('All sizes'!$A$5:$A$172,A7,'All sizes'!$F$5:$F$172) -> 147.78571 | G7: =SUMIF('All sizes'!$A$5:$A$172,A7,'All sizes'!$G$5:$G$172) -> 0 | H7: =SUMIF('All sizes'!$A$5:$A$172,A7,'All sizes'!$H$5:$H$172) -> 0 | I7: =G7+H7 -> 0 | J7: =IF(D7>0,I7/D7,0) -> 0 | K7: =IF(D7>0,SUMPRODUCT(('All sizes'!$A$5:$A$172=A7)*'All sizes'!$D$5:$D$172*'All sizes'!$J$5:$J$172)/D7,0) -> 20.784317 | L7: =IF($D7>0,E7/$D7,0) -> 0.82112428 | M7: =IF($D7>0,F7/$D7,0) -> 0.17887572 | N7: =IF($D7>0,G7/$D7,0) -> 0 | O7: =IF($D7>0,H7/$D7,0) -> 0
A8: Tapi | B8: West | C8: =COUNTIF('All sizes'!$A$5:$A$172,A8) -> 44 | D8: =SUMIF('All sizes'!$A$5:$A$172,A8,'All sizes'!$D$5:$D$172) -> 742.19656 | E8: =SUMIF('All sizes'!$A$5:$A$172,A8,'All sizes'!$E$5:$E$172) -> 675.6688 | F8: =SUMIF('All sizes'!$A$5:$A$172,A8,'All sizes'!$F$5:$F$172) -> 62.033511 | G8: =SUMIF('All sizes'!$A$5:$A$172,A8,'All sizes'!$G$5:$G$172) -> 4.494248 | H8: =SUMIF('All sizes'!$A$5:$A$172,A8,'All sizes'!$H$5:$H$172) -> 0 | I8: =G8+H8 -> 4.494248 | J8: =IF(D8>0,I8/D8,0) -> 0.0060553339 | K8: =IF(D8>0,SUMPRODUCT(('All sizes'!$A$5:$A$172=A8)*'All sizes'!$D$5:$D$172*'All sizes'!$J$5:$J$172)/D8,0) -> 18.789658 | L8: =IF($D8>0,E8/$D8,0) -> 0.91036369 | M8: =IF($D8>0,F8/$D8,0) -> 0.083580973 | N8: =IF($D8>0,G8/$D8,0) -> 0.0060553339 | O8: =IF($D8>0,H8/$D8,0) -> 0
A9: All plants | C9: =SUM(C5:C8) -> 168 | D9: =SUM(D5:D8) -> 2813.8231 | E9: =SUM(E5:E8) -> 2021.6541 | F9: =SUM(F5:F8) -> 497.42886 | G9: =SUM(G5:G8) -> 33.105915 | H9: =SUM(H5:H8) -> 261.63416 | I9: =SUM(I5:I8) -> 294.74008 | J9: =IF(D9>0,I9/D9,0) -> 0.1047472 | K9: =IF(D9>0,SUMPRODUCT(D5:D8,K5:K8)/D9,0) -> 31.021591 | L9: =IF($D9>0,E9/$D9,0) -> 0.71847237 | M9: =IF($D9>0,F9/$D9,0) -> 0.17678043 | N9: =IF($D9>0,G9/$D9,0) -> 0.011765457 | O9: =IF($D9>0,H9/$D9,0) -> 0.092981738
A12: Reconciliation (MT)
A13: Plant | B13: Produced | C13: Invoiced | D13: Produced - invoiced | E13: Over-invoiced sizes (MT) | F13: Over-invoiced sizes (count) | G13: Current inventory - over-invoiced | H13: Check (should be 0)
A14: Hyderabad | B14: 6960.1 | C14: 6133.589 | D14: =B14-C14 -> 826.51105 | E14: 68.736152 | F14: 26 | G14: =D5-E14 -> 826.51105 | H14: =ROUND(D14-G14,6) -> 0
A15: Lepakshi | B15: 1115.6927 | C15: 787.15 | D15: =B15-C15 -> 328.54274 | E15: 21.644422 | F15: 5 | G15: =D6-E15 -> 328.54274 | H15: =ROUND(D15-G15,6) -> 0
A16: NPMD | B16: 1601.9047 | C16: 777.52 | D16: =B16-C16 -> 824.38471 | E16: 1.8074322 | F16: 2 | G16: =D7-E16 -> 824.38471 | H16: =ROUND(D16-G16,6) -> 0
A17: Tapi | B17: 2717.7768 | C17: 2000.821 | D17: =B17-C17 -> 716.95581 | E17: 25.240747 | F17: 9 | G17: =D8-E17 -> 716.95581 | H17: =ROUND(D17-G17,6) -> 0
A18: All plants | B18: =SUM(B14:B17) -> 12395.474 | C18: =SUM(C14:C17) -> 9699.08 | D18: =SUM(D14:D17) -> 2696.3943 | E18: =SUM(E14:E17) -> 117.42875 | F18: =SUM(F14:F17) -> 42 | G18: =SUM(G14:G17) -> 2696.3943 | H18: =SUM(H14:H17) -> 0
A20: Over-invoiced = a size invoiced from a plant beyond what that plant recorded producing (e.g. stock made before tracking began, or an invoice booked to another plant). It shows no stock and is not aged.
A21: Produced, Invoiced and Over-invoiced are read from the database; every other figure on this sheet is a formula over the All sizes sheet.
A22: Over 60 days = 61 days or more, as in the Inventory Snapshot. Hyderabad is the plant the Snapshot shows as Nippon.

Sheet All sizes
A1: JSW Pipes & Tubes - finished inventory ageing, by plant and size
A2: As of 29-Oct-2026 · data up to 28-Oct · stock = produced minus invoiced at each plant, aged first-in-first-out from the production date · MT
A4: Plant | B4: Sells to | C4: Size | D4: On hand (MT) | E4: 0-30 days (MT) | F4: 31-60 days (MT) | G4: 61-90 days (MT) | H4: 90+ days (MT) | I4: Over 60 days (MT) | J4: Avg age (days) | K4: Oldest batch (days) | L4: Last produced
A5: Hyderabad | B5: South | C5: RHS 60x40 x 2.0 | D5: =SUM(E5:H5) -> 49.001965 | E5: 45.523469 | F5: 3.478496 | G5: 0 | H5: 0 | I5: =G5+H5 -> 0 | J5: 16.185851 | K5: 36 | L5: 46314
A6: Hyderabad | B6: South | C6: RHS 80x40 x 2.0 | D6: =SUM(E6:H6) -> 47.858794 | E6: 38.682288 | F6: 9.1765056 | G6: 0 | H6: 0 | I6: =G6+H6 -> 0 | J6: 18.834825 | K6: 35 | L6: 46309
A7: Hyderabad | B7: South | C7: SHS 38x38 x 2.0 | D7: =SUM(E7:H7) -> 37.045768 | E7: 37.045768 | F7: 0 | G7: 0 | H7: 0 | I7: =G7+H7 -> 0 | J7: 7.7020642 | K7: 23 | L7: 46323
A8: Hyderabad | B8: South | C8: CHS 80 NB x 2.5 | D8: =SUM(E8:H8) -> 34.34657 | E8: 4.4426217 | F8: 0 | G8: 0 | H8: 29.903948 | I8: =G8+H8 -> 29.903948 | J8: 94.813856 | K8: 114 | L8: 46312
A9: Hyderabad | B9: South | C9: CHS 50 NB x 2.0 | D9: =SUM(E9:H9) -> 32.814827 | E9: 0 | F9: 0 | G9: 0 | H9: 32.814827 | I9: =G9+H9 -> 32.814827 | J9: 115.0097 | K9: 128 | L9: 46227
A10: Hyderabad | B10: South | C10: CHS 32 NB x 2.5 | D10: =SUM(E10:H10) -> 29.835566 | E10: 4.2951336 | F10: 0 | G10: 0 | H10: 25.540433 | I10: =G10+H10 -> 25.540433 | J10: 97.755663 | K10: 111 | L10: 46305
A11: Hyderabad | B11: South | C11: CHS 40 NB x 2.0 | D11: =SUM(E11:H11) -> 24.631153 | E11: 0 | F11: 20.525492 | G11: 0 | H11: 4.1056604 | I11: =G11+H11 -> 4.1056604 | J11: 49.001255 | K11: 104 | L11: 46286
A12: Hyderabad | B12: South | C12: SHS 50x50 x 2.8 | D12: =SUM(E12:H12) -> 23.9182 | E12: 0 | F12: 23.9182 | G12: 0 | H12: 0 | I12: =G12+H12 -> 0 | J12: 50 | K12: 50 | L12: 46274
A13: Hyderabad | B13: South | C13: SHS 38x38 x 2.5 | D13: =SUM(E13:H13) -> 23.161798 | E13: 20.131482 | F13: 3.030316 | G13: 0 | H13: 0 | I13: =G13+H13 -> 0 | J13: 6.9716351 | K13: 40 | L13: 46322
A14: Hyderabad | B14: South | C14: RHS 60x40 x 2.8 | D14: =SUM(E14:H14) -> 22.62413 | E14: 22.62413 | F14: 0 | G14: 0 | H14: 0 | I14: =G14+H14 -> 0 | J14: 18.101953 | K14: 19 | L14: 46307
A15: Hyderabad | B15: South | C15: RHS 80x40 x 4.0 | D15: =SUM(E15:H15) -> 22.101446 | E15: 22.101446 | F15: 0 | G15: 0 | H15: 0 | I15: =G15+H15 -> 0 | J15: 14 | K15: 14 | L15: 46310
A16: Hyderabad | B16: South | C16: RHS 80x40 x 2.5 | D16: =SUM(E16:H16) -> 21.946045 | E16: 19.363988 | F16: 2.5820575 | G16: 0 | H16: 0 | I16: =G16+H16 -> 0 | J16: 8.775325 | K16: 47 | L16: 46322
... A172: Tapi | B172: West | C172: RHS 200x100 x 4.0 | D172: =SUM(E172:H172) -> 0.005448 | E172: 0 | F172: 0.005448 | G172: 0 | H172: 0 | I172: =G172+H172 -> 0 | J172: 38 | K172: 38 | L172: 46286
C173: Total (follows the filter) | D173: =SUBTOTAL(9,D5:D172) -> 2813.8231 | E173: =SUBTOTAL(9,E5:E172) -> 2021.6541 | F173: =SUBTOTAL(9,F5:F172) -> 497.42886 | G173: =SUBTOTAL(9,G5:G172) -> 33.105915 | H173: =SUBTOTAL(9,H5:H172) -> 261.63416 | I173: =SUBTOTAL(9,I5:I172) -> 294.74008 | J173: =IF(D173>0,SUMPRODUCT(SUBTOTAL(9,OFFSET(D5,ROW(D5:D172)-ROW(D5),0)),J5:J172)/D173,0) -> 31.021591
A175: How to read this sheet
A176: One row per size per plant with stock on hand. A size = section + size + thickness (IS standard and length not split).
A177: On hand = produced minus invoiced at that plant; production tonnage = tubes x SKU master weight per tube. Same rules as the Inventory Snapshot.
A178: Invoices use up the oldest production first; what is left is aged from its production date. The four brackets add up to On hand.
A179: Over 60 days = 61 days or more. Avg age = tonnage-weighted average age of the stock on hand. Oldest batch is shaded by its bracket.
A180: Use the filter arrows on the header row to pick a plant, region or size; the Total row (and its average age) follows the filter.
A181: Sizes invoiced beyond what the plant recorded producing show no stock and are not listed; see the Summary sheet's reconciliation.
A182: Hyderabad is the plant the Inventory Snapshot shows as Nippon.
