Workbook

Sheet Summary by section
A1: Finished inventory ageing by section (MT) - as of 29-Oct-2026
A2: Every figure is a formula over the SKU-wise sheet. All sections together equal the Inventory Snapshot's current inventory for the same date.
A4: Section | B4: SKUs in stock | C4: On hand | D4: 0-30 days | E4: 31-60 days | F4: 61-90 days | G4: 90+ days | H4: Over 60 days | I4: % over 60 days | J4: Avg age (days) | K4: Hyderabad | L4: Lepakshi | M4: NPMD | N4: Tapi
A5: CHS | B5: =COUNTIF('SKU-wise'!$B$5:$B$130,A5) -> 33 | C5: =SUMIF('SKU-wise'!$B$5:$B$130,A5,'SKU-wise'!$E$5:$E$130) -> 386.6023 | D5: =SUMIF('SKU-wise'!$B$5:$B$130,A5,'SKU-wise'!$F$5:$F$130) -> 81.673165 | E5: =SUMIF('SKU-wise'!$B$5:$B$130,A5,'SKU-wise'!$G$5:$G$130) -> 81.815539 | F5: =SUMIF('SKU-wise'!$B$5:$B$130,A5,'SKU-wise'!$H$5:$H$130) -> 17.325186 | G5: =SUMIF('SKU-wise'!$B$5:$B$130,A5,'SKU-wise'!$I$5:$I$130) -> 205.78841 | H5: =SUMIF('SKU-wise'!$B$5:$B$130,A5,'SKU-wise'!$J$5:$J$130) -> 223.11359 | I5: =IF(C5>0,H5/C5,0) -> 0.57711399 | J5: =IF(C5>0,SUMPRODUCT(('SKU-wise'!$B$5:$B$130=A5)*'SKU-wise'!$E$5:$E$130*'SKU-wise'!$L$5:$L$130)/C5,0) -> 74.506942 | K5: =SUMIF('SKU-wise'!$B$5:$B$130,A5,'SKU-wise'!$O$5:$O$130) -> 386.6023 | L5: =SUMIF('SKU-wise'!$B$5:$B$130,A5,'SKU-wise'!$P$5:$P$130) -> 0 | M5: =SUMIF('SKU-wise'!$B$5:$B$130,A5,'SKU-wise'!$Q$5:$Q$130) -> 0 | N5: =SUMIF('SKU-wise'!$B$5:$B$130,A5,'SKU-wise'!$R$5:$R$130) -> 0
A6: RHS | B6: =COUNTIF('SKU-wise'!$B$5:$B$130,A6) -> 48 | C6: =SUMIF('SKU-wise'!$B$5:$B$130,A6,'SKU-wise'!$E$5:$E$130) -> 1410.2866 | D6: =SUMIF('SKU-wise'!$B$5:$B$130,A6,'SKU-wise'!$F$5:$F$130) -> 1165.0199 | E6: =SUMIF('SKU-wise'!$B$5:$B$130,A6,'SKU-wise'!$G$5:$G$130) -> 199.23057 | F6: =SUMIF('SKU-wise'!$B$5:$B$130,A6,'SKU-wise'!$H$5:$H$130) -> 5.0897025 | G6: =SUMIF('SKU-wise'!$B$5:$B$130,A6,'SKU-wise'!$I$5:$I$130) -> 40.946396 | H6: =SUMIF('SKU-wise'!$B$5:$B$130,A6,'SKU-wise'!$J$5:$J$130) -> 46.036099 | I6: =IF(C6>0,H6/C6,0) -> 0.032643081 | J6: =IF(C6>0,SUMPRODUCT(('SKU-wise'!$B$5:$B$130=A6)*'SKU-wise'!$E$5:$E$130*'SKU-wise'!$L$5:$L$130)/C6,0) -> 24.580516 | K6: =SUMIF('SKU-wise'!$B$5:$B$130,A6,'SKU-wise'!$O$5:$O$130) -> 320.04475 | L6: =SUMIF('SKU-wise'!$B$5:$B$130,A6,'SKU-wise'!$P$5:$P$130) -> 143.86362 | M6: =SUMIF('SKU-wise'!$B$5:$B$130,A6,'SKU-wise'!$Q$5:$Q$130) -> 568.33488 | N6: =SUMIF('SKU-wise'!$B$5:$B$130,A6,'SKU-wise'!$R$5:$R$130) -> 378.0433
A7: SHS | B7: =COUNTIF('SKU-wise'!$B$5:$B$130,A7) -> 45 | C7: =SUMIF('SKU-wise'!$B$5:$B$130,A7,'SKU-wise'!$E$5:$E$130) -> 1016.9342 | D7: =SUMIF('SKU-wise'!$B$5:$B$130,A7,'SKU-wise'!$F$5:$F$130) -> 774.96108 | E7: =SUMIF('SKU-wise'!$B$5:$B$130,A7,'SKU-wise'!$G$5:$G$130) -> 216.38276 | F7: =SUMIF('SKU-wise'!$B$5:$B$130,A7,'SKU-wise'!$H$5:$H$130) -> 10.691026 | G7: =SUMIF('SKU-wise'!$B$5:$B$130,A7,'SKU-wise'!$I$5:$I$130) -> 14.899358 | H7: =SUMIF('SKU-wise'!$B$5:$B$130,A7,'SKU-wise'!$J$5:$J$130) -> 25.590384 | I7: =IF(C7>0,H7/C7,0) -> 0.025164247 | J7: =IF(C7>0,SUMPRODUCT(('SKU-wise'!$B$5:$B$130=A7)*'SKU-wise'!$E$5:$E$130*'SKU-wise'!$L$5:$L$130)/C7,0) -> 23.422501 | K7: =SUMIF('SKU-wise'!$B$5:$B$130,A7,'SKU-wise'!$O$5:$O$130) -> 188.60015 | L7: =SUMIF('SKU-wise'!$B$5:$B$130,A7,'SKU-wise'!$P$5:$P$130) -> 206.32354 | M7: =SUMIF('SKU-wise'!$B$5:$B$130,A7,'SKU-wise'!$Q$5:$Q$130) -> 257.85726 | N7: =SUMIF('SKU-wise'!$B$5:$B$130,A7,'SKU-wise'!$R$5:$R$130) -> 364.15326
A8: All sections | B8: =SUM(B5:B7) -> 126 | C8: =SUM(C5:C7) -> 2813.8231 | D8: =SUM(D5:D7) -> 2021.6541 | E8: =SUM(E5:E7) -> 497.42886 | F8: =SUM(F5:F7) -> 33.105915 | G8: =SUM(G5:G7) -> 261.63416 | H8: =SUM(H5:H7) -> 294.74008 | I8: =IF(C8>0,H8/C8,0) -> 0.1047472 | J8: =IF(C8>0,SUMPRODUCT(C5:C7,J5:J7)/C8,0) -> 31.021591 | K8: =SUM(K5:K7) -> 895.2472 | L8: =SUM(L5:L7) -> 350.18716 | M8: =SUM(M5:M7) -> 826.19214 | N8: =SUM(N5:N7) -> 742.19656
A10: SHS = square hollow section, RHS = rectangular hollow section, CHS = circular hollow section (sized by nominal bore, NB).

Sheet SKU-wise
A1: JSW Pipes & Tubes - finished inventory ageing, SKU-wise (all plants)
A2: As of 29-Oct-2026 · data up to 28-Oct · stock = produced minus invoiced at each plant, aged first-in-first-out from the production date · MT
A4: SKU | B4: Section | C4: Size | D4: Thickness (mm) | E4: On hand (MT) | F4: 0-30 days | G4: 31-60 days | H4: 61-90 days | I4: 90+ days | J4: Over 60 days | K4: % over 60 days | L4: Avg age (days) | M4: Oldest batch (days) | N4: Last produced | O4: Hyderabad | P4: Lepakshi | Q4: NPMD | R4: Tapi | S4: Plants holding
A5: RHS 80x40 x 2.0 | B5: RHS | C5: 80x40 | D5: 2 | E5: =SUM(F5:I5) -> 164.6233 | F5: 103.59765 | G5: 61.02565 | H5: 0 | I5: 0 | J5: =H5+I5 -> 0 | K5: =IF(E5>0,J5/E5,0) -> 0 | L5: 23.559315 | M5: 44 | N5: 46321 | O5: 47.858794 | P5: 0 | Q5: 101.48049 | R5: 15.284016 | S5: =COUNTIF(O5:R5,">0") -> 3
A6: SHS 50x50 x 2.0 | B6: SHS | C6: 50x50 | D6: 2 | E6: =SUM(F6:I6) -> 115.13405 | F6: 77.109486 | G6: 38.024568 | H6: 0 | I6: 0 | J6: =H6+I6 -> 0 | K6: =IF(E6>0,J6/E6,0) -> 0 | L6: 26.25493 | M6: 54 | N6: 46323 | O6: 14.096469 | P6: 0 | Q6: 74.179002 | R6: 26.858584 | S6: =COUNTIF(O6:R6,">0") -> 3
A7: RHS 60x40 x 1.6 | B7: RHS | C7: 60x40 | D7: 1.6 | E7: =SUM(F7:I7) -> 110.02795 | F7: 110.02795 | G7: 0 | H7: 0 | I7: 0 | J7: =H7+I7 -> 0 | K7: =IF(E7>0,J7/E7,0) -> 0 | L7: 18.705945 | M7: 21 | N7: 46306 | O7: 0.48009235 | P7: 0 | Q7: 109.54785 | R7: 0 | S7: =COUNTIF(O7:R7,">0") -> 2
A8: RHS 80x40 x 2.5 | B8: RHS | C8: 80x40 | D8: 2.5 | E8: =SUM(F8:I8) -> 102.23125 | F8: 99.649187 | G8: 2.5820575 | H8: 0 | I8: 0 | J8: =H8+I8 -> 0 | K8: =IF(E8>0,J8/E8,0) -> 0 | L8: 8.2318779 | M8: 47 | N8: 46322 | O8: 21.946045 | P8: 0 | Q8: 62.560575 | R8: 17.724625 | S8: =COUNTIF(O8:R8,">0") -> 3
A9: RHS 60x40 x 2.0 | B9: RHS | C9: 60x40 | D9: 2 | E9: =SUM(F9:I9) -> 100.8632 | F9: 97.384702 | G9: 3.478496 | H9: 0 | I9: 0 | J9: =H9+I9 -> 0 | K9: =IF(E9>0,J9/E9,0) -> 0 | L9: 19.16032 | M9: 36 | N9: 46314 | O9: 49.001965 | P9: 0 | Q9: 49.780514 | R9: 2.08072 | S9: =COUNTIF(O9:R9,">0") -> 3
A10: RHS 96x48 x 2.0 | B10: RHS | C10: 96x48 | D10: 2 | E10: =SUM(F10:I10) -> 92.271776 | F10: 82.955216 | G10: 9.31656 | H10: 0 | I10: 0 | J10: =H10+I10 -> 0 | K10: =IF(E10>0,J10/E10,0) -> 0 | L10: 14.2987 | M10: 31 | N10: 46314 | O10: 0 | P10: 9.31656 | Q10: 40.21808 | R10: 42.737136 | S10: =COUNTIF(O10:R10,">0") -> 3
A11: SHS 50x50 x 2.5 | B11: SHS | C11: 50x50 | D11: 2.5 | E11: =SUM(F11:I11) -> 86.451202 | F11: 71.048163 | G11: 15.40304 | H11: 0 | I11: 0 | J11: =H11+I11 -> 0 | K11: =IF(E11>0,J11/E11,0) -> 0 | L11: 25.735324 | M11: 50 | N11: 46322 | O11: 2.9191025 | P11: 0 | Q11: 71.048163 | R11: 12.483937 | S11: =COUNTIF(O11:R11,">0") -> 3
A12: SHS 150x150 x 3.0 | B12: SHS | C12: 150x150 | D12: 3 | E12: =SUM(F12:I12) -> 82.386603 | F12: 82.386603 | G12: 0 | H12: 0 | I12: 0 | J12: =H12+I12 -> 0 | K12: =IF(E12>0,J12/E12,0) -> 0 | L12: 23.036607 | M12: 29 | N12: 46308 | O12: 0 | P12: 37.792589 | Q12: 0 | R12: 44.594014 | S12: =COUNTIF(O12:R12,">0") -> 2
A13: SHS 50x50 x 1.6 | B13: SHS | C13: 50x50 | D13: 1.6 | E13: =SUM(F13:I13) -> 74.577682 | F13: 74.577682 | G13: 0 | H13: 0 | I13: 0 | J13: =H13+I13 -> 0 | K13: =IF(E13>0,J13/E13,0) -> 0 | L13: 21.732778 | M13: 27 | N13: 46323 | O13: 17.193339 | P13: 0 | Q13: 57.384343 | R13: 0 | S13: =COUNTIF(O13:R13,">0") -> 2
A14: RHS 96x48 x 3.0 | B14: RHS | C14: 96x48 | D14: 3 | E14: =SUM(F14:I14) -> 73.334684 | F14: 73.334684 | G14: 0 | H14: 0 | I14: 0 | J14: =H14+I14 -> 0 | K14: =IF(E14>0,J14/E14,0) -> 0 | L14: 13.220047 | M14: 29 | N14: 46315 | O14: 0 | P14: 8.3800532 | Q14: 17.467374 | R14: 47.487258 | S14: =COUNTIF(O14:R14,">0") -> 3
A15: RHS 80x40 x 3.0 | B15: RHS | C15: 80x40 | D15: 3 | E15: =SUM(F15:I15) -> 66.870053 | F15: 25.538764 | G15: 41.331289 | H15: 0 | I15: 0 | J15: =H15+I15 -> 0 | K15: =IF(E15>0,J15/E15,0) -> 0 | L15: 31.482982 | M15: 48 | N15: 46322 | O15: 20.618496 | P15: 0 | Q15: 41.331289 | R15: 4.920268 | S15: =COUNTIF(O15:R15,">0") -> 3
A16: SHS 72x72 x 2.5 | B16: SHS | C16: 72x72 | D16: 2.5 | E16: =SUM(F16:I16) -> 66.624501 | F16: 61.236043 | G16: 5.3884585 | H16: 0 | I16: 0 | J16: =H16+I16 -> 0 | K16: =IF(E16>0,J16/E16,0) -> 0 | L16: 11.285825 | M16: 35 | N16: 46316 | O16: 0 | P16: 5.3884585 | Q16: 29.997252 | R16: 31.238791 | S16: =COUNTIF(O16:R16,">0") -> 3
... A130: RHS 200x100 x 4.0 | B130: RHS | C130: 200x100 | D130: 4 | E130: =SUM(F130:I130) -> 0.005448 | F130: 0 | G130: 0.005448 | H130: 0 | I130: 0 | J130: =H130+I130 -> 0 | K130: =IF(E130>0,J130/E130,0) -> 0 | L130: 38 | M130: 38 | N130: 46286 | O130: 0 | P130: 0 | Q130: 0 | R130: 0.005448 | S130: =COUNTIF(O130:R130,">0") -> 1
A131: Total (follows the filter) | E131: =SUBTOTAL(9,E5:E130) -> 2813.8231 | F131: =SUBTOTAL(9,F5:F130) -> 2021.6541 | G131: =SUBTOTAL(9,G5:G130) -> 497.42886 | H131: =SUBTOTAL(9,H5:H130) -> 33.105915 | I131: =SUBTOTAL(9,I5:I130) -> 261.63416 | J131: =SUBTOTAL(9,J5:J130) -> 294.74008 | K131: =IF(E131>0,J131/E131,0) -> 0.1047472 | L131: =IF(E131>0,SUMPRODUCT(SUBTOTAL(9,OFFSET(E5,ROW(E5:E130)-ROW(E5),0)),L5:L130)/E131,0) -> 31.021591 | O131: =SUBTOTAL(9,O5:O130) -> 895.2472 | P131: =SUBTOTAL(9,P5:P130) -> 350.18716 | Q131: =SUBTOTAL(9,Q5:Q130) -> 826.19214 | R131: =SUBTOTAL(9,R5:R130) -> 742.19656
A133: How to read this sheet
A134: One row per SKU with stock at any plant. A SKU = section + size + thickness; ERP codes, IS standards and lengths of the same tube are combined.
A135: Each plant is counted on its own (produced minus invoiced at that plant, never below 0) and the plants are added up. A plant column shows what that plant holds.
A136: Production tonnage = tubes x SKU master weight per tube. Invoices use up the oldest production first; what is left is aged from its production date. Same rules as the Inventory Snapshot.
A137: The four age brackets add up to On hand. Over 60 days = 61 days or more. Avg age = tonnage-weighted average across all plants; Oldest batch = oldest at any plant (shaded by bracket).
A138: Hyderabad is the plant the Inventory Snapshot shows as Nippon. Hyderabad and Lepakshi serve South distributors; NPMD and Tapi serve West.
A139: Use the filter arrows to pick a section, size or thickness; the Total row follows the filter.
