Workbook
Name AsOf: 'Plant Summary'!$B$2

Sheet How it works
A1: Ageing of finished pipes & tubes — plant-wise
A3: Step | B3: Formula (Production sheet, row 2) | C3: What it means
A4: 1. Age of a batch | B4: F2 = AsOf - C2 | C4: Days between production date and the 'Ageing as on' date
A5: 2. Cumulative produced | B5: G2 = SUMIFS(D:D, A:A, A2, B:B, B2, C:C, "<="&C2) | C5: Pcs made of this SKU at this plant up to this date, oldest first
A6: 3. Dispatched so far | B6: H2 = SUMIFS(Dispatched!C:C, Dispatched!A:A, A2, Dispatched!B:B, B2) | C6: All pcs of this SKU invoiced from THIS plant only
A7: 4. Still in stock (FIFO) | B7: I2 = MAX(0, MIN(D2, G2 - H2)) | C7: Dispatches eat the oldest batches first; what's left of this batch
A8: 5. Still in stock MT | B8: J2 = I2 * E2 / D2 | C8: Pieces left × this batch's own weight per piece
A9: 6. Age bucket | B9: K2 = IF(I2=0,"Dispatched",IF(F2<=30,"0-30",IF(F2<=60,"31-60",IF(F2<=90,"61-90","90+")))) | C9: Only batches with stock left get a bucket
A11: Plant roll-up | B11: Formula (Plant Summary)
A12: On-hand MT | B12: SUMIFS(Production!J:J, Production!A:A, "Hyderabad")
A13: 90+ days MT | B13: SUMIFS(Production!J:J, Production!A:A, "Hyderabad", Production!K:K, "90+") | C13: Same for 0-30 / 31-60 / 61-90
A14: Oldest stock | B14: MAXIFS(Production!F:F, Production!A:A, "Hyderabad", Production!I:I, ">0") | C14: Age of the oldest batch that still has pieces
A15: Weighted-avg age | B15: SUMPRODUCT((Production!A:A="Hyderabad")*Production!J:J, Production!F:F) / On-hand MT | C15: Average age, heavier batches count more
A17: To reuse with your own data
A18: a. | B18: Production sheet: one row per Plant + SKU + production date (add up same-day batches into one row)
A19: b. | B19: Dispatched sheet: total pcs ever dispatched per Plant + SKU
A20: c. | B20: Copy the green formula columns F–K down to your last row
A21: d. | B21: Plant and SKU must be spelled the same on both sheets
A23: Source | B23: Live Supabase data (productions + dispatches), pulled 12-Oct-2026. Same logic as scripts/sku-ageing-by-plant.sql.

Sheet Plant Summary
A1: Finished-stock ageing by plant (FIFO)
A2: Ageing as on | B2: 46307 | C2: ← change this date (or type =TODAY()) and every sheet re-ages
A4: Plant | B4: SKUs in stock | C4: On-hand pcs | D4: On-hand MT | E4: 0–30 days MT | F4: 31–60 days MT | G4: 61–90 days MT | H4: 90+ days MT | I4: % aged 90+ | J4: Oldest stock (days) | K4: Wtd-avg age (days)
A5: Hyderabad | B5: =COUNTIFS('SKU Ageing'!$A:$A,A5,'SKU Ageing'!$E:$E,">0") | C5: =SUMIFS(Production!$I$2:$I$5000,Production!$A$2:$A$5000,A5) | D5: =SUMIFS(Production!$J$2:$J$5000,Production!$A$2:$A$5000,A5) | E5: =SUMIFS(Production!$J$2:$J$5000,Production!$A$2:$A$5000,$A5,Production!$K$2:$K$5000,"0-30") | F5: =SUMIFS(Production!$J$2:$J$5000,Production!$A$2:$A$5000,$A5,Production!$K$2:$K$5000,"31-60") | G5: =SUMIFS(Production!$J$2:$J$5000,Production!$A$2:$A$5000,$A5,Production!$K$2:$K$5000,"61-90") | H5: =SUMIFS(Production!$J$2:$J$5000,Production!$A$2:$A$5000,$A5,Production!$K$2:$K$5000,"90+") | I5: =IF(D5=0,0,H5/D5) | J5: =IFERROR(_xlfn.MAXIFS(Production!$F$2:$F$5000,Production!$A$2:$A$5000,A5,Production!$I$2:$I$5000,">0"),0) | K5: =IF(D5=0,0,SUMPRODUCT((Production!$A$2:$A$5000=A5)*Production!$J$2:$J$5000,Production!$F$2:$F$5000)/D5)
A6: Lepakshi | B6: =COUNTIFS('SKU Ageing'!$A:$A,A6,'SKU Ageing'!$E:$E,">0") | C6: =SUMIFS(Production!$I$2:$I$5000,Production!$A$2:$A$5000,A6) | D6: =SUMIFS(Production!$J$2:$J$5000,Production!$A$2:$A$5000,A6) | E6: =SUMIFS(Production!$J$2:$J$5000,Production!$A$2:$A$5000,$A6,Production!$K$2:$K$5000,"0-30") | F6: =SUMIFS(Production!$J$2:$J$5000,Production!$A$2:$A$5000,$A6,Production!$K$2:$K$5000,"31-60") | G6: =SUMIFS(Production!$J$2:$J$5000,Production!$A$2:$A$5000,$A6,Production!$K$2:$K$5000,"61-90") | H6: =SUMIFS(Production!$J$2:$J$5000,Production!$A$2:$A$5000,$A6,Production!$K$2:$K$5000,"90+") | I6: =IF(D6=0,0,H6/D6) | J6: =IFERROR(_xlfn.MAXIFS(Production!$F$2:$F$5000,Production!$A$2:$A$5000,A6,Production!$I$2:$I$5000,">0"),0) | K6: =IF(D6=0,0,SUMPRODUCT((Production!$A$2:$A$5000=A6)*Production!$J$2:$J$5000,Production!$F$2:$F$5000)/D6)
A7: NPMD | B7: =COUNTIFS('SKU Ageing'!$A:$A,A7,'SKU Ageing'!$E:$E,">0") | C7: =SUMIFS(Production!$I$2:$I$5000,Production!$A$2:$A$5000,A7) | D7: =SUMIFS(Production!$J$2:$J$5000,Production!$A$2:$A$5000,A7) | E7: =SUMIFS(Production!$J$2:$J$5000,Production!$A$2:$A$5000,$A7,Production!$K$2:$K$5000,"0-30") | F7: =SUMIFS(Production!$J$2:$J$5000,Production!$A$2:$A$5000,$A7,Production!$K$2:$K$5000,"31-60") | G7: =SUMIFS(Production!$J$2:$J$5000,Production!$A$2:$A$5000,$A7,Production!$K$2:$K$5000,"61-90") | H7: =SUMIFS(Production!$J$2:$J$5000,Production!$A$2:$A$5000,$A7,Production!$K$2:$K$5000,"90+") | I7: =IF(D7=0,0,H7/D7) | J7: =IFERROR(_xlfn.MAXIFS(Production!$F$2:$F$5000,Production!$A$2:$A$5000,A7,Production!$I$2:$I$5000,">0"),0) | K7: =IF(D7=0,0,SUMPRODUCT((Production!$A$2:$A$5000=A7)*Production!$J$2:$J$5000,Production!$F$2:$F$5000)/D7)
A8: Tapi | B8: =COUNTIFS('SKU Ageing'!$A:$A,A8,'SKU Ageing'!$E:$E,">0") | C8: =SUMIFS(Production!$I$2:$I$5000,Production!$A$2:$A$5000,A8) | D8: =SUMIFS(Production!$J$2:$J$5000,Production!$A$2:$A$5000,A8) | E8: =SUMIFS(Production!$J$2:$J$5000,Production!$A$2:$A$5000,$A8,Production!$K$2:$K$5000,"0-30") | F8: =SUMIFS(Production!$J$2:$J$5000,Production!$A$2:$A$5000,$A8,Production!$K$2:$K$5000,"31-60") | G8: =SUMIFS(Production!$J$2:$J$5000,Production!$A$2:$A$5000,$A8,Production!$K$2:$K$5000,"61-90") | H8: =SUMIFS(Production!$J$2:$J$5000,Production!$A$2:$A$5000,$A8,Production!$K$2:$K$5000,"90+") | I8: =IF(D8=0,0,H8/D8) | J8: =IFERROR(_xlfn.MAXIFS(Production!$F$2:$F$5000,Production!$A$2:$A$5000,A8,Production!$I$2:$I$5000,">0"),0) | K8: =IF(D8=0,0,SUMPRODUCT((Production!$A$2:$A$5000=A8)*Production!$J$2:$J$5000,Production!$F$2:$F$5000)/D8)
A9: All plants | B9: =SUM(B5:B8) | C9: =SUM(C5:C8) | D9: =SUM(D5:D8) | E9: =SUM(E5:E8) | F9: =SUM(F5:F8) | G9: =SUM(G5:G8) | H9: =SUM(H5:H8) | I9: =IF(D9=0,0,H9/D9) | J9: =MAX(J5:J8) | K9: =IF(D9=0,0,SUMPRODUCT(Production!$J$2:$J$5000,Production!$F$2:$F$5000)/D9)
A11: Green cells are formulas — don't type over them. Yellow cells are inputs.

Sheet SKU Ageing
A1: Plant | B1: SKU | C1: Produced pcs | D1: Dispatched pcs | E1: On-hand pcs | F1: On-hand MT | G1: 0–30 days MT | H1: 31–60 days MT | I1: 61–90 days MT | J1: 90+ days MT | K1: Oldest stock (days) | L1: Wtd-avg age (days) | M1: Check
A2: Hyderabad | B2: 38X38X2 | C2: =SUMIFS(Production!$D$2:$D$5000,Production!$A$2:$A$5000,$A2,Production!$B$2:$B$5000,$B2) | D2: =SUMIFS(Dispatched!$C$2:$C$5000,Dispatched!$A$2:$A$5000,$A2,Dispatched!$B$2:$B$5000,$B2) | E2: =SUMIFS(Production!$I$2:$I$5000,Production!$A$2:$A$5000,$A2,Production!$B$2:$B$5000,$B2) | F2: =SUMIFS(Production!$J$2:$J$5000,Production!$A$2:$A$5000,$A2,Production!$B$2:$B$5000,$B2) | G2: =SUMIFS(Production!$J$2:$J$5000,Production!$A$2:$A$5000,$A2,Production!$B$2:$B$5000,$B2,Production!$K$2:$K$5000,"0-30") | H2: =SUMIFS(Production!$J$2:$J$5000,Production!$A$2:$A$5000,$A2,Production!$B$2:$B$5000,$B2,Production!$K$2:$K$5000,"31-60") | I2: =SUMIFS(Production!$J$2:$J$5000,Production!$A$2:$A$5000,$A2,Production!$B$2:$B$5000,$B2,Production!$K$2:$K$5000,"61-90") | J2: =SUMIFS(Production!$J$2:$J$5000,Production!$A$2:$A$5000,$A2,Production!$B$2:$B$5000,$B2,Production!$K$2:$K$5000,"90+") | K2: =IF(E2=0,"",_xlfn.MAXIFS(Production!$F$2:$F$5000,Production!$A$2:$A$5000,$A2,Production!$B$2:$B$5000,$B2,Production!$I$2:$I$5000,">0")) | L2: =IF(F2=0,"",SUMPRODUCT((Production!$A$2:$A$5000=$A2)*(Production!$B$2:$B$5000=$B2)*Production!$J$2:$J$5000,Production!$F$2:$F$5000)/F2) | M2: =IF(D2>C2,"Dispatched more than produced — opening stock / data gap","")
A3: Hyderabad | B3: 60X40X2 | C3: =SUMIFS(Production!$D$2:$D$5000,Production!$A$2:$A$5000,$A3,Production!$B$2:$B$5000,$B3) | D3: =SUMIFS(Dispatched!$C$2:$C$5000,Dispatched!$A$2:$A$5000,$A3,Dispatched!$B$2:$B$5000,$B3) | E3: =SUMIFS(Production!$I$2:$I$5000,Production!$A$2:$A$5000,$A3,Production!$B$2:$B$5000,$B3) | F3: =SUMIFS(Production!$J$2:$J$5000,Production!$A$2:$A$5000,$A3,Production!$B$2:$B$5000,$B3) | G3: =SUMIFS(Production!$J$2:$J$5000,Production!$A$2:$A$5000,$A3,Production!$B$2:$B$5000,$B3,Production!$K$2:$K$5000,"0-30") | H3: =SUMIFS(Production!$J$2:$J$5000,Production!$A$2:$A$5000,$A3,Production!$B$2:$B$5000,$B3,Production!$K$2:$K$5000,"31-60") | I3: =SUMIFS(Production!$J$2:$J$5000,Production!$A$2:$A$5000,$A3,Production!$B$2:$B$5000,$B3,Production!$K$2:$K$5000,"61-90") | J3: =SUMIFS(Production!$J$2:$J$5000,Production!$A$2:$A$5000,$A3,Production!$B$2:$B$5000,$B3,Production!$K$2:$K$5000,"90+") | K3: =IF(E3=0,"",_xlfn.MAXIFS(Production!$F$2:$F$5000,Production!$A$2:$A$5000,$A3,Production!$B$2:$B$5000,$B3,Production!$I$2:$I$5000,">0")) | L3: =IF(F3=0,"",SUMPRODUCT((Production!$A$2:$A$5000=$A3)*(Production!$B$2:$B$5000=$B3)*Production!$J$2:$J$5000,Production!$F$2:$F$5000)/F3) | M3: =IF(D3>C3,"Dispatched more than produced — opening stock / data gap","")
A4: Hyderabad | B4: 50X50X2.8 | C4: =SUMIFS(Production!$D$2:$D$5000,Production!$A$2:$A$5000,$A4,Production!$B$2:$B$5000,$B4) | D4: =SUMIFS(Dispatched!$C$2:$C$5000,Dispatched!$A$2:$A$5000,$A4,Dispatched!$B$2:$B$5000,$B4) | E4: =SUMIFS(Production!$I$2:$I$5000,Production!$A$2:$A$5000,$A4,Production!$B$2:$B$5000,$B4) | F4: =SUMIFS(Production!$J$2:$J$5000,Production!$A$2:$A$5000,$A4,Production!$B$2:$B$5000,$B4) | G4: =SUMIFS(Production!$J$2:$J$5000,Production!$A$2:$A$5000,$A4,Production!$B$2:$B$5000,$B4,Production!$K$2:$K$5000,"0-30") | H4: =SUMIFS(Production!$J$2:$J$5000,Production!$A$2:$A$5000,$A4,Production!$B$2:$B$5000,$B4,Production!$K$2:$K$5000,"31-60") | I4: =SUMIFS(Production!$J$2:$J$5000,Production!$A$2:$A$5000,$A4,Production!$B$2:$B$5000,$B4,Production!$K$2:$K$5000,"61-90") | J4: =SUMIFS(Production!$J$2:$J$5000,Production!$A$2:$A$5000,$A4,Production!$B$2:$B$5000,$B4,Production!$K$2:$K$5000,"90+") | K4: =IF(E4=0,"",_xlfn.MAXIFS(Production!$F$2:$F$5000,Production!$A$2:$A$5000,$A4,Production!$B$2:$B$5000,$B4,Production!$I$2:$I$5000,">0")) | L4: =IF(F4=0,"",SUMPRODUCT((Production!$A$2:$A$5000=$A4)*(Production!$B$2:$B$5000=$B4)*Production!$J$2:$J$5000,Production!$F$2:$F$5000)/F4) | M4: =IF(D4>C4,"Dispatched more than produced — opening stock / data gap","")
A5: Hyderabad | B5: 50X50X1.6 | C5: =SUMIFS(Production!$D$2:$D$5000,Production!$A$2:$A$5000,$A5,Production!$B$2:$B$5000,$B5) | D5: =SUMIFS(Dispatched!$C$2:$C$5000,Dispatched!$A$2:$A$5000,$A5,Dispatched!$B$2:$B$5000,$B5) | E5: =SUMIFS(Production!$I$2:$I$5000,Production!$A$2:$A$5000,$A5,Production!$B$2:$B$5000,$B5) | F5: =SUMIFS(Production!$J$2:$J$5000,Production!$A$2:$A$5000,$A5,Production!$B$2:$B$5000,$B5) | G5: =SUMIFS(Production!$J$2:$J$5000,Production!$A$2:$A$5000,$A5,Production!$B$2:$B$5000,$B5,Production!$K$2:$K$5000,"0-30") | H5: =SUMIFS(Production!$J$2:$J$5000,Production!$A$2:$A$5000,$A5,Production!$B$2:$B$5000,$B5,Production!$K$2:$K$5000,"31-60") | I5: =SUMIFS(Production!$J$2:$J$5000,Production!$A$2:$A$5000,$A5,Production!$B$2:$B$5000,$B5,Production!$K$2:$K$5000,"61-90") | J5: =SUMIFS(Production!$J$2:$J$5000,Production!$A$2:$A$5000,$A5,Production!$B$2:$B$5000,$B5,Production!$K$2:$K$5000,"90+") | K5: =IF(E5=0,"",_xlfn.MAXIFS(Production!$F$2:$F$5000,Production!$A$2:$A$5000,$A5,Production!$B$2:$B$5000,$B5,Production!$I$2:$I$5000,">0")) | L5: =IF(F5=0,"",SUMPRODUCT((Production!$A$2:$A$5000=$A5)*(Production!$B$2:$B$5000=$B5)*Production!$J$2:$J$5000,Production!$F$2:$F$5000)/F5) | M5: =IF(D5>C5,"Dispatched more than produced — opening stock / data gap","")
A6: Hyderabad | B6: 60X40X1.6 | C6: =SUMIFS(Production!$D$2:$D$5000,Production!$A$2:$A$5000,$A6,Production!$B$2:$B$5000,$B6) | D6: =SUMIFS(Dispatched!$C$2:$C$5000,Dispatched!$A$2:$A$5000,$A6,Dispatched!$B$2:$B$5000,$B6) | E6: =SUMIFS(Production!$I$2:$I$5000,Production!$A$2:$A$5000,$A6,Production!$B$2:$B$5000,$B6) | F6: =SUMIFS(Production!$J$2:$J$5000,Production!$A$2:$A$5000,$A6,Production!$B$2:$B$5000,$B6) | G6: =SUMIFS(Production!$J$2:$J$5000,Production!$A$2:$A$5000,$A6,Production!$B$2:$B$5000,$B6,Production!$K$2:$K$5000,"0-30") | H6: =SUMIFS(Production!$J$2:$J$5000,Production!$A$2:$A$5000,$A6,Production!$B$2:$B$5000,$B6,Production!$K$2:$K$5000,"31-60") | I6: =SUMIFS(Production!$J$2:$J$5000,Production!$A$2:$A$5000,$A6,Production!$B$2:$B$5000,$B6,Production!$K$2:$K$5000,"61-90") | J6: =SUMIFS(Production!$J$2:$J$5000,Production!$A$2:$A$5000,$A6,Production!$B$2:$B$5000,$B6,Production!$K$2:$K$5000,"90+") | K6: =IF(E6=0,"",_xlfn.MAXIFS(Production!$F$2:$F$5000,Production!$A$2:$A$5000,$A6,Production!$B$2:$B$5000,$B6,Production!$I$2:$I$5000,">0")) | L6: =IF(F6=0,"",SUMPRODUCT((Production!$A$2:$A$5000=$A6)*(Production!$B$2:$B$5000=$B6)*Production!$J$2:$J$5000,Production!$F$2:$F$5000)/F6) | M6: =IF(D6>C6,"Dispatched more than produced — opening stock / data gap","")
A7: Hyderabad | B7: 32NBX2.5 | C7: =SUMIFS(Production!$D$2:$D$5000,Production!$A$2:$A$5000,$A7,Production!$B$2:$B$5000,$B7) | D7: =SUMIFS(Dispatched!$C$2:$C$5000,Dispatched!$A$2:$A$5000,$A7,Dispatched!$B$2:$B$5000,$B7) | E7: =SUMIFS(Production!$I$2:$I$5000,Production!$A$2:$A$5000,$A7,Production!$B$2:$B$5000,$B7) | F7: =SUMIFS(Production!$J$2:$J$5000,Production!$A$2:$A$5000,$A7,Production!$B$2:$B$5000,$B7) | G7: =SUMIFS(Production!$J$2:$J$5000,Production!$A$2:$A$5000,$A7,Production!$B$2:$B$5000,$B7,Production!$K$2:$K$5000,"0-30") | H7: =SUMIFS(Production!$J$2:$J$5000,Production!$A$2:$A$5000,$A7,Production!$B$2:$B$5000,$B7,Production!$K$2:$K$5000,"31-60") | I7: =SUMIFS(Production!$J$2:$J$5000,Production!$A$2:$A$5000,$A7,Production!$B$2:$B$5000,$B7,Production!$K$2:$K$5000,"61-90") | J7: =SUMIFS(Production!$J$2:$J$5000,Production!$A$2:$A$5000,$A7,Production!$B$2:$B$5000,$B7,Production!$K$2:$K$5000,"90+") | K7: =IF(E7=0,"",_xlfn.MAXIFS(Production!$F$2:$F$5000,Production!$A$2:$A$5000,$A7,Production!$B$2:$B$5000,$B7,Production!$I$2:$I$5000,">0")) | L7: =IF(F7=0,"",SUMPRODUCT((Production!$A$2:$A$5000=$A7)*(Production!$B$2:$B$5000=$B7)*Production!$J$2:$J$5000,Production!$F$2:$F$5000)/F7) | M7: =IF(D7>C7,"Dispatched more than produced — opening stock / data gap","")
A8: Hyderabad | B8: 50NBX2 | C8: =SUMIFS(Production!$D$2:$D$5000,Production!$A$2:$A$5000,$A8,Production!$B$2:$B$5000,$B8) | D8: =SUMIFS(Dispatched!$C$2:$C$5000,Dispatched!$A$2:$A$5000,$A8,Dispatched!$B$2:$B$5000,$B8) | E8: =SUMIFS(Production!$I$2:$I$5000,Production!$A$2:$A$5000,$A8,Production!$B$2:$B$5000,$B8) | F8: =SUMIFS(Production!$J$2:$J$5000,Production!$A$2:$A$5000,$A8,Production!$B$2:$B$5000,$B8) | G8: =SUMIFS(Production!$J$2:$J$5000,Production!$A$2:$A$5000,$A8,Production!$B$2:$B$5000,$B8,Production!$K$2:$K$5000,"0-30") | H8: =SUMIFS(Production!$J$2:$J$5000,Production!$A$2:$A$5000,$A8,Production!$B$2:$B$5000,$B8,Production!$K$2:$K$5000,"31-60") | I8: =SUMIFS(Production!$J$2:$J$5000,Production!$A$2:$A$5000,$A8,Production!$B$2:$B$5000,$B8,Production!$K$2:$K$5000,"61-90") | J8: =SUMIFS(Production!$J$2:$J$5000,Production!$A$2:$A$5000,$A8,Production!$B$2:$B$5000,$B8,Production!$K$2:$K$5000,"90+") | K8: =IF(E8=0,"",_xlfn.MAXIFS(Production!$F$2:$F$5000,Production!$A$2:$A$5000,$A8,Production!$B$2:$B$5000,$B8,Production!$I$2:$I$5000,">0")) | L8: =IF(F8=0,"",SUMPRODUCT((Production!$A$2:$A$5000=$A8)*(Production!$B$2:$B$5000=$B8)*Production!$J$2:$J$5000,Production!$F$2:$F$5000)/F8) | M8: =IF(D8>C8,"Dispatched more than produced — opening stock / data gap","")
A9: Hyderabad | B9: 80NBX2.5 | C9: =SUMIFS(Production!$D$2:$D$5000,Production!$A$2:$A$5000,$A9,Production!$B$2:$B$5000,$B9) | D9: =SUMIFS(Dispatched!$C$2:$C$5000,Dispatched!$A$2:$A$5000,$A9,Dispatched!$B$2:$B$5000,$B9) | E9: =SUMIFS(Production!$I$2:$I$5000,Production!$A$2:$A$5000,$A9,Production!$B$2:$B$5000,$B9) | F9: =SUMIFS(Production!$J$2:$J$5000,Production!$A$2:$A$5000,$A9,Production!$B$2:$B$5000,$B9) | G9: =SUMIFS(Production!$J$2:$J$5000,Production!$A$2:$A$5000,$A9,Production!$B$2:$B$5000,$B9,Production!$K$2:$K$5000,"0-30") | H9: =SUMIFS(Production!$J$2:$J$5000,Production!$A$2:$A$5000,$A9,Production!$B$2:$B$5000,$B9,Production!$K$2:$K$5000,"31-60") | I9: =SUMIFS(Production!$J$2:$J$5000,Production!$A$2:$A$5000,$A9,Production!$B$2:$B$5000,$B9,Production!$K$2:$K$5000,"61-90") | J9: =SUMIFS(Production!$J$2:$J$5000,Production!$A$2:$A$5000,$A9,Production!$B$2:$B$5000,$B9,Production!$K$2:$K$5000,"90+") | K9: =IF(E9=0,"",_xlfn.MAXIFS(Production!$F$2:$F$5000,Production!$A$2:$A$5000,$A9,Production!$B$2:$B$5000,$B9,Production!$I$2:$I$5000,">0")) | L9: =IF(F9=0,"",SUMPRODUCT((Production!$A$2:$A$5000=$A9)*(Production!$B$2:$B$5000=$B9)*Production!$J$2:$J$5000,Production!$F$2:$F$5000)/F9) | M9: =IF(D9>C9,"Dispatched more than produced — opening stock / data gap","")
A10: Hyderabad | B10: 50X50X2 | C10: =SUMIFS(Production!$D$2:$D$5000,Production!$A$2:$A$5000,$A10,Production!$B$2:$B$5000,$B10) | D10: =SUMIFS(Dispatched!$C$2:$C$5000,Dispatched!$A$2:$A$5000,$A10,Dispatched!$B$2:$B$5000,$B10) | E10: =SUMIFS(Production!$I$2:$I$5000,Production!$A$2:$A$5000,$A10,Production!$B$2:$B$5000,$B10) | F10: =SUMIFS(Production!$J$2:$J$5000,Production!$A$2:$A$5000,$A10,Production!$B$2:$B$5000,$B10) | G10: =SUMIFS(Production!$J$2:$J$5000,Production!$A$2:$A$5000,$A10,Production!$B$2:$B$5000,$B10,Production!$K$2:$K$5000,"0-30") | H10: =SUMIFS(Production!$J$2:$J$5000,Production!$A$2:$A$5000,$A10,Production!$B$2:$B$5000,$B10,Production!$K$2:$K$5000,"31-60") | I10: =SUMIFS(Production!$J$2:$J$5000,Production!$A$2:$A$5000,$A10,Production!$B$2:$B$5000,$B10,Production!$K$2:$K$5000,"61-90") | J10: =SUMIFS(Production!$J$2:$J$5000,Production!$A$2:$A$5000,$A10,Production!$B$2:$B$5000,$B10,Production!$K$2:$K$5000,"90+") | K10: =IF(E10=0,"",_xlfn.MAXIFS(Production!$F$2:$F$5000,Production!$A$2:$A$5000,$A10,Production!$B$2:$B$5000,$B10,Production!$I$2:$I$5000,">0")) | L10: =IF(F10=0,"",SUMPRODUCT((Production!$A$2:$A$5000=$A10)*(Production!$B$2:$B$5000=$B10)*Production!$J$2:$J$5000,Production!$F$2:$F$5000)/F10) | M10: =IF(D10>C10,"Dispatched more than produced — opening stock / data gap","")
A11: Hyderabad | B11: 40NBX2 | C11: =SUMIFS(Production!$D$2:$D$5000,Production!$A$2:$A$5000,$A11,Production!$B$2:$B$5000,$B11) | D11: =SUMIFS(Dispatched!$C$2:$C$5000,Dispatched!$A$2:$A$5000,$A11,Dispatched!$B$2:$B$5000,$B11) | E11: =SUMIFS(Production!$I$2:$I$5000,Production!$A$2:$A$5000,$A11,Production!$B$2:$B$5000,$B11) | F11: =SUMIFS(Production!$J$2:$J$5000,Production!$A$2:$A$5000,$A11,Production!$B$2:$B$5000,$B11) | G11: =SUMIFS(Production!$J$2:$J$5000,Production!$A$2:$A$5000,$A11,Production!$B$2:$B$5000,$B11,Production!$K$2:$K$5000,"0-30") | H11: =SUMIFS(Production!$J$2:$J$5000,Production!$A$2:$A$5000,$A11,Production!$B$2:$B$5000,$B11,Production!$K$2:$K$5000,"31-60") | I11: =SUMIFS(Production!$J$2:$J$5000,Production!$A$2:$A$5000,$A11,Production!$B$2:$B$5000,$B11,Production!$K$2:$K$5000,"61-90") | J11: =SUMIFS(Production!$J$2:$J$5000,Production!$A$2:$A$5000,$A11,Production!$B$2:$B$5000,$B11,Production!$K$2:$K$5000,"90+") | K11: =IF(E11=0,"",_xlfn.MAXIFS(Production!$F$2:$F$5000,Production!$A$2:$A$5000,$A11,Production!$B$2:$B$5000,$B11,Production!$I$2:$I$5000,">0")) | L11: =IF(F11=0,"",SUMPRODUCT((Production!$A$2:$A$5000=$A11)*(Production!$B$2:$B$5000=$B11)*Production!$J$2:$J$5000,Production!$F$2:$F$5000)/F11) | M11: =IF(D11>C11,"Dispatched more than produced — opening stock / data gap","")
A12: Hyderabad | B12: 25X25X2 | C12: =SUMIFS(Production!$D$2:$D$5000,Production!$A$2:$A$5000,$A12,Production!$B$2:$B$5000,$B12) | D12: =SUMIFS(Dispatched!$C$2:$C$5000,Dispatched!$A$2:$A$5000,$A12,Dispatched!$B$2:$B$5000,$B12) | E12: =SUMIFS(Production!$I$2:$I$5000,Production!$A$2:$A$5000,$A12,Production!$B$2:$B$5000,$B12) | F12: =SUMIFS(Production!$J$2:$J$5000,Production!$A$2:$A$5000,$A12,Production!$B$2:$B$5000,$B12) | G12: =SUMIFS(Production!$J$2:$J$5000,Production!$A$2:$A$5000,$A12,Production!$B$2:$B$5000,$B12,Production!$K$2:$K$5000,"0-30") | H12: =SUMIFS(Production!$J$2:$J$5000,Production!$A$2:$A$5000,$A12,Production!$B$2:$B$5000,$B12,Production!$K$2:$K$5000,"31-60") | I12: =SUMIFS(Production!$J$2:$J$5000,Production!$A$2:$A$5000,$A12,Production!$B$2:$B$5000,$B12,Production!$K$2:$K$5000,"61-90") | J12: =SUMIFS(Production!$J$2:$J$5000,Production!$A$2:$A$5000,$A12,Production!$B$2:$B$5000,$B12,Production!$K$2:$K$5000,"90+") | K12: =IF(E12=0,"",_xlfn.MAXIFS(Production!$F$2:$F$5000,Production!$A$2:$A$5000,$A12,Production!$B$2:$B$5000,$B12,Production!$I$2:$I$5000,">0")) | L12: =IF(F12=0,"",SUMPRODUCT((Production!$A$2:$A$5000=$A12)*(Production!$B$2:$B$5000=$B12)*Production!$J$2:$J$5000,Production!$F$2:$F$5000)/F12) | M12: =IF(D12>C12,"Dispatched more than produced — opening stock / data gap","")
A13: Hyderabad | B13: 38X38X2.8 | C13: =SUMIFS(Production!$D$2:$D$5000,Production!$A$2:$A$5000,$A13,Production!$B$2:$B$5000,$B13) | D13: =SUMIFS(Dispatched!$C$2:$C$5000,Dispatched!$A$2:$A$5000,$A13,Dispatched!$B$2:$B$5000,$B13) | E13: =SUMIFS(Production!$I$2:$I$5000,Production!$A$2:$A$5000,$A13,Production!$B$2:$B$5000,$B13) | F13: =SUMIFS(Production!$J$2:$J$5000,Production!$A$2:$A$5000,$A13,Production!$B$2:$B$5000,$B13) | G13: =SUMIFS(Production!$J$2:$J$5000,Production!$A$2:$A$5000,$A13,Production!$B$2:$B$5000,$B13,Production!$K$2:$K$5000,"0-30") | H13: =SUMIFS(Production!$J$2:$J$5000,Production!$A$2:$A$5000,$A13,Production!$B$2:$B$5000,$B13,Production!$K$2:$K$5000,"31-60") | I13: =SUMIFS(Production!$J$2:$J$5000,Production!$A$2:$A$5000,$A13,Production!$B$2:$B$5000,$B13,Production!$K$2:$K$5000,"61-90") | J13: =SUMIFS(Production!$J$2:$J$5000,Production!$A$2:$A$5000,$A13,Production!$B$2:$B$5000,$B13,Production!$K$2:$K$5000,"90+") | K13: =IF(E13=0,"",_xlfn.MAXIFS(Production!$F$2:$F$5000,Production!$A$2:$A$5000,$A13,Production!$B$2:$B$5000,$B13,Production!$I$2:$I$5000,">0")) | L13: =IF(F13=0,"",SUMPRODUCT((Production!$A$2:$A$5000=$A13)*(Production!$B$2:$B$5000=$B13)*Production!$J$2:$J$5000,Production!$F$2:$F$5000)/F13) | M13: =IF(D13>C13,"Dispatched more than produced — opening stock / data gap","")
... A194: Tapi | B194: 96X48X5 | C194: =SUMIFS(Production!$D$2:$D$5000,Production!$A$2:$A$5000,$A194,Production!$B$2:$B$5000,$B194) | D194: =SUMIFS(Dispatched!$C$2:$C$5000,Dispatched!$A$2:$A$5000,$A194,Dispatched!$B$2:$B$5000,$B194) | E194: =SUMIFS(Production!$I$2:$I$5000,Production!$A$2:$A$5000,$A194,Production!$B$2:$B$5000,$B194) | F194: =SUMIFS(Production!$J$2:$J$5000,Production!$A$2:$A$5000,$A194,Production!$B$2:$B$5000,$B194) | G194: =SUMIFS(Production!$J$2:$J$5000,Production!$A$2:$A$5000,$A194,Production!$B$2:$B$5000,$B194,Production!$K$2:$K$5000,"0-30") | H194: =SUMIFS(Production!$J$2:$J$5000,Production!$A$2:$A$5000,$A194,Production!$B$2:$B$5000,$B194,Production!$K$2:$K$5000,"31-60") | I194: =SUMIFS(Production!$J$2:$J$5000,Production!$A$2:$A$5000,$A194,Production!$B$2:$B$5000,$B194,Production!$K$2:$K$5000,"61-90") | J194: =SUMIFS(Production!$J$2:$J$5000,Production!$A$2:$A$5000,$A194,Production!$B$2:$B$5000,$B194,Production!$K$2:$K$5000,"90+") | K194: =IF(E194=0,"",_xlfn.MAXIFS(Production!$F$2:$F$5000,Production!$A$2:$A$5000,$A194,Production!$B$2:$B$5000,$B194,Production!$I$2:$I$5000,">0")) | L194: =IF(F194=0,"",SUMPRODUCT((Production!$A$2:$A$5000=$A194)*(Production!$B$2:$B$5000=$B194)*Production!$J$2:$J$5000,Production!$F$2:$F$5000)/F194) | M194: =IF(D194>C194,"Dispatched more than produced — opening stock / data gap","")

Sheet Production
A1: Plant | B1: SKU | C1: Date of production | D1: Pcs produced | E1: MT produced | F1: Age (days) | G1: Cumulative pcs (oldest first) | H1: Dispatched pcs (plant+SKU) | I1: Still in stock pcs | J1: Still in stock MT | K1: Age bucket
A2: Hyderabad | B2: 100X50X1.6 | C2: 46157 | D2: 684 | E2: 15.134 | F2: =AsOf-C2 | G2: =SUMIFS($D$2:$D$5000,$A$2:$A$5000,A2,$B$2:$B$5000,B2,$C$2:$C$5000,"<="&C2) | H2: =SUMIFS(Dispatched!$C$2:$C$5000,Dispatched!$A$2:$A$5000,A2,Dispatched!$B$2:$B$5000,B2) | I2: =MAX(0,MIN(D2,G2-H2)) | J2: =I2*E2/D2 | K2: =IF(I2=0,"Dispatched",IF(F2<=30,"0-30",IF(F2<=60,"31-60",IF(F2<=90,"61-90","90+"))))
A3: Hyderabad | B3: 100X50X1.6 | C3: 46214 | D3: 1405 | E3: 31.087 | F3: =AsOf-C3 | G3: =SUMIFS($D$2:$D$5000,$A$2:$A$5000,A3,$B$2:$B$5000,B3,$C$2:$C$5000,"<="&C3) | H3: =SUMIFS(Dispatched!$C$2:$C$5000,Dispatched!$A$2:$A$5000,A3,Dispatched!$B$2:$B$5000,B3) | I3: =MAX(0,MIN(D3,G3-H3)) | J3: =I3*E3/D3 | K3: =IF(I3=0,"Dispatched",IF(F3<=30,"0-30",IF(F3<=60,"31-60",IF(F3<=90,"61-90","90+"))))
A4: Hyderabad | B4: 100X50X1.6 | C4: 46231 | D4: 636 | E4: 14.072 | F4: =AsOf-C4 | G4: =SUMIFS($D$2:$D$5000,$A$2:$A$5000,A4,$B$2:$B$5000,B4,$C$2:$C$5000,"<="&C4) | H4: =SUMIFS(Dispatched!$C$2:$C$5000,Dispatched!$A$2:$A$5000,A4,Dispatched!$B$2:$B$5000,B4) | I4: =MAX(0,MIN(D4,G4-H4)) | J4: =I4*E4/D4 | K4: =IF(I4=0,"Dispatched",IF(F4<=30,"0-30",IF(F4<=60,"31-60",IF(F4<=90,"61-90","90+"))))
A5: Hyderabad | B5: 100X50X1.6 | C5: 46301 | D5: 1343 | E5: 29.715 | F5: =AsOf-C5 | G5: =SUMIFS($D$2:$D$5000,$A$2:$A$5000,A5,$B$2:$B$5000,B5,$C$2:$C$5000,"<="&C5) | H5: =SUMIFS(Dispatched!$C$2:$C$5000,Dispatched!$A$2:$A$5000,A5,Dispatched!$B$2:$B$5000,B5) | I5: =MAX(0,MIN(D5,G5-H5)) | J5: =I5*E5/D5 | K5: =IF(I5=0,"Dispatched",IF(F5<=30,"0-30",IF(F5<=60,"31-60",IF(F5<=90,"61-90","90+"))))
A6: Hyderabad | B6: 100X50X2 | C6: 46156 | D6: 1052 | E6: 28.937 | F6: =AsOf-C6 | G6: =SUMIFS($D$2:$D$5000,$A$2:$A$5000,A6,$B$2:$B$5000,B6,$C$2:$C$5000,"<="&C6) | H6: =SUMIFS(Dispatched!$C$2:$C$5000,Dispatched!$A$2:$A$5000,A6,Dispatched!$B$2:$B$5000,B6) | I6: =MAX(0,MIN(D6,G6-H6)) | J6: =I6*E6/D6 | K6: =IF(I6=0,"Dispatched",IF(F6<=30,"0-30",IF(F6<=60,"31-60",IF(F6<=90,"61-90","90+"))))
A7: Hyderabad | B7: 100X50X2 | C7: 46203 | D7: 357 | E7: 9.82 | F7: =AsOf-C7 | G7: =SUMIFS($D$2:$D$5000,$A$2:$A$5000,A7,$B$2:$B$5000,B7,$C$2:$C$5000,"<="&C7) | H7: =SUMIFS(Dispatched!$C$2:$C$5000,Dispatched!$A$2:$A$5000,A7,Dispatched!$B$2:$B$5000,B7) | I7: =MAX(0,MIN(D7,G7-H7)) | J7: =I7*E7/D7 | K7: =IF(I7=0,"Dispatched",IF(F7<=30,"0-30",IF(F7<=60,"31-60",IF(F7<=90,"61-90","90+"))))
A8: Hyderabad | B8: 100X50X2 | C8: 46207 | D8: 458 | E8: 12.598 | F8: =AsOf-C8 | G8: =SUMIFS($D$2:$D$5000,$A$2:$A$5000,A8,$B$2:$B$5000,B8,$C$2:$C$5000,"<="&C8) | H8: =SUMIFS(Dispatched!$C$2:$C$5000,Dispatched!$A$2:$A$5000,A8,Dispatched!$B$2:$B$5000,B8) | I8: =MAX(0,MIN(D8,G8-H8)) | J8: =I8*E8/D8 | K8: =IF(I8=0,"Dispatched",IF(F8<=30,"0-30",IF(F8<=60,"31-60",IF(F8<=90,"61-90","90+"))))
A9: Hyderabad | B9: 100X50X2 | C9: 46209 | D9: 274 | E9: 7.537 | F9: =AsOf-C9 | G9: =SUMIFS($D$2:$D$5000,$A$2:$A$5000,A9,$B$2:$B$5000,B9,$C$2:$C$5000,"<="&C9) | H9: =SUMIFS(Dispatched!$C$2:$C$5000,Dispatched!$A$2:$A$5000,A9,Dispatched!$B$2:$B$5000,B9) | I9: =MAX(0,MIN(D9,G9-H9)) | J9: =I9*E9/D9 | K9: =IF(I9=0,"Dispatched",IF(F9<=30,"0-30",IF(F9<=60,"31-60",IF(F9<=90,"61-90","90+"))))
A10: Hyderabad | B10: 100X50X2 | C10: 46213 | D10: 677 | E10: 18.622 | F10: =AsOf-C10 | G10: =SUMIFS($D$2:$D$5000,$A$2:$A$5000,A10,$B$2:$B$5000,B10,$C$2:$C$5000,"<="&C10) | H10: =SUMIFS(Dispatched!$C$2:$C$5000,Dispatched!$A$2:$A$5000,A10,Dispatched!$B$2:$B$5000,B10) | I10: =MAX(0,MIN(D10,G10-H10)) | J10: =I10*E10/D10 | K10: =IF(I10=0,"Dispatched",IF(F10<=30,"0-30",IF(F10<=60,"31-60",IF(F10<=90,"61-90","90+"))))
A11: Hyderabad | B11: 100X50X2 | C11: 46214 | D11: 656 | E11: 18.044 | F11: =AsOf-C11 | G11: =SUMIFS($D$2:$D$5000,$A$2:$A$5000,A11,$B$2:$B$5000,B11,$C$2:$C$5000,"<="&C11) | H11: =SUMIFS(Dispatched!$C$2:$C$5000,Dispatched!$A$2:$A$5000,A11,Dispatched!$B$2:$B$5000,B11) | I11: =MAX(0,MIN(D11,G11-H11)) | J11: =I11*E11/D11 | K11: =IF(I11=0,"Dispatched",IF(F11<=30,"0-30",IF(F11<=60,"31-60",IF(F11<=90,"61-90","90+"))))
A12: Hyderabad | B12: 100X50X2 | C12: 46231 | D12: 830 | E12: 22.83 | F12: =AsOf-C12 | G12: =SUMIFS($D$2:$D$5000,$A$2:$A$5000,A12,$B$2:$B$5000,B12,$C$2:$C$5000,"<="&C12) | H12: =SUMIFS(Dispatched!$C$2:$C$5000,Dispatched!$A$2:$A$5000,A12,Dispatched!$B$2:$B$5000,B12) | I12: =MAX(0,MIN(D12,G12-H12)) | J12: =I12*E12/D12 | K12: =IF(I12=0,"Dispatched",IF(F12<=30,"0-30",IF(F12<=60,"31-60",IF(F12<=90,"61-90","90+"))))
A13: Hyderabad | B13: 100X50X2 | C13: 46255 | D13: 1098 | E13: 30.202 | F13: =AsOf-C13 | G13: =SUMIFS($D$2:$D$5000,$A$2:$A$5000,A13,$B$2:$B$5000,B13,$C$2:$C$5000,"<="&C13) | H13: =SUMIFS(Dispatched!$C$2:$C$5000,Dispatched!$A$2:$A$5000,A13,Dispatched!$B$2:$B$5000,B13) | I13: =MAX(0,MIN(D13,G13-H13)) | J13: =I13*E13/D13 | K13: =IF(I13=0,"Dispatched",IF(F13<=30,"0-30",IF(F13<=60,"31-60",IF(F13<=90,"61-90","90+"))))
... A568: Tapi | B568: 96X48X5 | C568: 46267 | D568: 321 | E568: 20.26 | F568: =AsOf-C568 | G568: =SUMIFS($D$2:$D$5000,$A$2:$A$5000,A568,$B$2:$B$5000,B568,$C$2:$C$5000,"<="&C568) | H568: =SUMIFS(Dispatched!$C$2:$C$5000,Dispatched!$A$2:$A$5000,A568,Dispatched!$B$2:$B$5000,B568) | I568: =MAX(0,MIN(D568,G568-H568)) | J568: =I568*E568/D568 | K568: =IF(I568=0,"Dispatched",IF(F568<=30,"0-30",IF(F568<=60,"31-60",IF(F568<=90,"61-90","90+"))))

Sheet Dispatched
A1: Plant | B1: SKU | C1: Pcs dispatched (all time)
A2: Hyderabad | B2: 100X50X1.6 | C2: 3352
A3: Hyderabad | B3: 100X50X2 | C3: 6918
A4: Hyderabad | B4: 100X50X2.5 | C4: 2727
A5: Hyderabad | B5: 100X50X2.8 | C5: 1885
A6: Hyderabad | B6: 100X50X3 | C6: 302
A7: Hyderabad | B7: 100X50X3.2 | C7: 666
A8: Hyderabad | B8: 100X50X4 | C8: 1523
A9: Hyderabad | B9: 15NBX1.6 | C9: 4418
A10: Hyderabad | B10: 15NBX2 | C10: 4082
A11: Hyderabad | B11: 15X15X1.6 | C11: 495
A12: Hyderabad | B12: 20NBX1.6 | C12: 6118
A13: Hyderabad | B13: 20NBX2 | C13: 8901
... A182: Tapi | B182: 96X48X5 | C182: 335
